name,price,img,description
Geely Monjaro,"
$30500

2725480сом
",https://im.mashina.kg/tachka/images//1/7/3/17375717dbc42d90ac756df039c04e9a_240x180.jpg,"

2023г.,2л.,автомат



внедорожник5дв.,бензин

рульслева,15км
"
Toyota Camry,"
$12800

1143808сом
",https://im.mashina.kg/tachka/images//7/f/4/7f4656f946ef9f96020f9ecbc05d4d97_240x180.jpg,"

2017г.,2.5л.,автомат



седан,бензин

рульслева,117000км
"
Changan UNI-T,"
$22200

1983792сом
",https://im.mashina.kg/tachka/images//a/7/3/a73708e6c0796222a183c88d4a624a77_240x180.jpg,"

2023г.,1.5л.,робот



внедорожник5дв.,бензин

рульслева,10км
"
Geely Coolray,"
$18200

1626352сом
",https://im.mashina.kg/tachka/images//e/a/6/ea6257e3e2ed2170ae30e650f2e3f6ca_240x180.jpg,"

2023г.,1.5л.,робот



внедорожник5дв.,бензин

рульслева,5км
"
HiPhi Y,"
$74000

6612640сом
",https://im.mashina.kg/tachka/images//9/b/d/9bdabcb6b6ad91d8e2e423b337f74078_240x180.jpg,"

2023г.,автомат



внедорожник5дв.,электро

рульслева,5км
"
Jetour Traveller,"
$34000

3038240сом
",https://im.mashina.kg/tachka/images//b/1/2/b128024fadb7e1df0e13ccb544125fe7_240x180.jpg,"

2023г.,2л.,робот



внедорожник5дв.,бензин

рульслева,5км
"
Kia Sorento,"
$16000

1429760сом
",https://im.mashina.kg/tachka/images//8/2/0/82006068bad0bd1885e7fae676e83ff9_240x180.jpg,"

2017г.,3.3л.,автомат



внедорожник5дв.,бензин

рульслева,62300км
"
EXEED VX,"
$31500

2814840сом
",https://im.mashina.kg/tachka/images//6/1/f/61f18ad7ec4cb4965527cb060642d041_240x180.jpg,"

2023г.,2л.,робот



внедорожник5дв.,бензин

рульслева,30км
"
LiXiang L9,"
$67000

5987120сом
",https://im.mashina.kg/tachka/images//9/a/5/9a522a76eec21a46ae1ae0c0c7440942_240x180.jpg,"

2023г.,1.5л.,автомат



внедорожник5дв.,гибрид

рульслева
"
BMW 5 серии,"
$51000

4557360сом
",https://im.mashina.kg/tachka/images//8/e/4/8e4890bfa3843bf0d28710d37d5ea499_240x180.jpg,"

2020г.,3л.,автомат



седан,бензин

рульслева,23000км
"
LiXiang L9,"
$67000

5987120сом
",https://im.mashina.kg/tachka/images//6/8/3/68336d8f42302a9100e5630ee26dc765_240x180.jpg,"

2023г.,1.5л.,автомат



внедорожник5дв.,гибрид

рульслева,20км
"
Geely Coolray,"
$17500

1563800сом
",https://im.mashina.kg/tachka/images//9/c/9/9c962dad13d620bb6d4cc91d98baf392_240x180.jpg,"

2023г.,1.5л.,робот



внедорожник5дв.,бензин

рульслева,28км
"
BMW 5 серии,"
$34300

3065048сом
",https://im.mashina.kg/tachka/images//2/1/d/21ddc2b8fe386f2f034acd842a1da463_240x180.jpg,"

2020г.,2л.,автомат



седан,дизель

рульслева,119000км
"
Toyota Camry,"
$25900

2314424сом
",https://im.mashina.kg/tachka/images//1/a/9/1a90b575adac188eb0288dab7a2ee7e3_240x180.jpg,"

2021г.,2.5л.,автомат



седан,бензин

рульслева,20000км
"
Voyah Free,"
$42500

3797800сом
",https://im.mashina.kg/tachka/images//e/9/8/e98f430c78c950f9ed3597157a37252c_240x180.jpg,"

2023г.,1.5л.,автомат



внедорожник5дв.,гибрид

рульслева,10км
"
LiXiang L9,"
$66800

5969248сом
",https://im.mashina.kg/tachka/images//f/5/9/f59852dfc5d08990ee2893e3a8a35ebf_240x180.jpg,"

2023г.,1.5л.,автомат



внедорожник5дв.,гибрид

рульслева,5км
"
Toyota Land Cruiser,"
$45000

4021200сом
",https://im.mashina.kg/tachka/images//4/c/9/4c9f61ccf86b637f51c6049236f3c20d_240x180.jpg,"

2015г.,4.5л.,автомат



внедорожник5дв.,дизель

рульслева,160000км
"
Genesis GV80,"
$57000

5093520сом
",https://im.mashina.kg/tachka/images//8/a/7/8a719b56280e3c3fe61fac190c50c19a_240x180.jpg,"

2021г.,3.5л.,автомат



внедорожник5дв.,бензин

рульслева,5000км
"
LiXiang L9,"
$67000

5987120сом
",https://im.mashina.kg/tachka/images//9/6/0/960a23352310968d0aed66105105a2f0_240x180.jpg,"

2023г.,1.5л.,автомат



внедорожник5дв.,гибрид

рульслева,10км
"
Voyah Free,"
$43200

3860352сом
",https://im.mashina.kg/tachka/images//8/d/a/8dab5ec89cdfe79de80499fde74bf025_240x180.jpg,"

2023г.,1.5л.,автомат



внедорожник5дв.,гибрид

рульслева
"
Geely Monjaro,"
$30100

2689736сом
",https://im.mashina.kg/tachka/images//e/2/8/e285e64f3031dad1fd807eb9e1aebefc_240x180.jpg,"

2023г.,2л.,автомат



внедорожник5дв.,бензин

рульслева,5км
"
Volkswagen Touareg,"
$22900

2046344сом
",https://im.mashina.kg/tachka/images//a/4/8/a489492cb1b0c7595db3fc301f62b73e_240x180.jpg,"

2010г.,3.6л.,автомат



внедорожник5дв.,бензин

рульслева,280000км
"
Toyota Harrier,"
$11999

1072231сом
",https://im.mashina.kg/tachka/images//9/7/5/97589b43b9cfb67536b64b04a84fa236_240x180.jpg,"

2005г.,3л.,автомат



внедорожник5дв.,бензин

рульсправа,197125км
"
Weltmeister EX5,"
$16500

1474440сом
",https://im.mashina.kg/tachka/images//0/9/0/0901778cb26d72fb49d2e0647f8e9587_240x180.jpg,"

2019г.,автомат



внедорожник5дв.,электро

рульслева,24000км
"
Mercedes-Benz G-класс AMG,"
$169000

15101840сом
",https://im.mashina.kg/tachka/images//a/1/8/a18fba0b93f185271bbda0b9de6f5549_240x180.jpg,"

2019г.,4л.,автомат



внедорожник5дв.,бензин

рульслева,95000км
"
Kia K5 II Седан,"
$17000

1519120сом
",https://im.mashina.kg/tachka/images//6/9/a/69a6e2f9e032f4d1dc1478ac3f59b7c8_240x180.jpg,"

2019г.,2л.,автомат



седан,газ

рульслева,125536км
"
Geely Monjaro,"
$30500

2725480сом
",https://im.mashina.kg/tachka/images//7/a/5/7a5283911b4b8e7d79e249d32048ed52_240x180.jpg,"

2023г.,2л.,автомат



внедорожник5дв.,бензин

рульслева,60км
"
Voyah Free,"
$43000

3842480сом
",https://im.mashina.kg/tachka/images//8/d/b/8db78ff39135079d5d4897189aaf29f8_240x180.jpg,"

2023г.,1.5л.,автомат



внедорожник5дв.,гибрид

рульслева,70км
"
Voyah Free,"
$44000

3931840сом
",https://im.mashina.kg/tachka/images//e/0/5/e05ab2665f2a7c5bd1c838319bdd60ec_240x180.jpg,"

2023г.,1.5л.,автомат



внедорожник5дв.,гибрид

рульслева,10км
"
BMW X7,"
$175000

15638000сом
",https://im.mashina.kg/tachka/images//f/0/1/f01e3d67fb4802fcb696954da88b23cc_240x180.jpg,"

2023г.,3л.,автомат



внедорожник5дв.,бензин

рульслева,1км
"
Lexus RX,"
$88000

7863680сом
",https://im.mashina.kg/tachka/images//e/b/a/ebab398a9058fafc9f06f7b70d2d286e_240x180.jpg,"

2023г.,2.4л.,автомат



внедорожник5дв.,бензин

рульслева,77км
"
Voyah Free,"
$42900

3833544сом
",https://im.mashina.kg/tachka/images//b/e/6/be6edf3e50e9657c2ed93e161003ad3c_240x180.jpg,"

2023г.,1.5л.,автомат



внедорожник5дв.,гибрид

рульслева,30км
"
Kia Morning,"
$8000

714880сом
",https://im.mashina.kg/tachka/images//0/6/3/0632b8adbaa983fba1eee7b3a33e6d52_240x180.jpg,"

2017г.,1л.,автомат



хэтчбек5дв.,бензин

рульслева,57000км
"
Kia Sportage,"
$40000

3574400сом
",https://im.mashina.kg/tachka/images//e/1/2/e1287a34b2d444025cc9bba0a5c9c93d_240x180.jpg,"

2022г.,2.5л.,автомат



внедорожник5дв.,бензин

рульслева,8500км
"
BMW X5,"
$14900

1331464сом
",https://im.mashina.kg/tachka/images//6/3/e/63ed5fb86c2c22a2b15ea71d603953a4_240x180.jpg,"

2005г.,3л.,автомат



внедорожник5дв.,дизель

рульслева,250000км
"
Toyota Highlander,"
$31000

2770160сом
",https://im.mashina.kg/tachka/images//f/4/4/f441660e508caee4d43af2bf01c55862_240x180.jpg,"

2017г.,3.5л.,автомат



внедорожник5дв.,бензин

рульслева,130000км
"
BYD Song Plus,"
$31500

2814840сом
",https://im.mashina.kg/tachka/images//1/f/c/1fc435b3b2a80f09673df251d07dfd86_240x180.jpg,"

2023г.,автомат



внедорожник5дв.,электро

рульслева,100км
"
BMW X5,"
$79000

7059440сом
",https://im.mashina.kg/tachka/images//2/9/8/2989a078233cf87e37634b760a7ec18b_240x180.jpg,"

2020г.,3л.,автомат



внедорожник5дв.,бензин

рульслева,80000км
"
Tesla Model Y,"
$45500

4065880сом
",https://im.mashina.kg/tachka/images//e/0/e/e0e19aefe6f61eaef370f87ff4e1e72f_240x180.jpg,"

2023г.,автомат



внедорожник5дв.,электро

рульслева,100км
"
Infiniti QX50,"
$35000

3127600сом
",https://im.mashina.kg/tachka/images//8/e/1/8e1466a739877c3c83209b04c2545c46_240x180.jpg,"

2021г.,3.7л.,автомат



внедорожник5дв.,бензин

рульслева,34400км
"
Toyota Highlander,"
$43000

3842480сом
",https://im.mashina.kg/tachka/images//a/7/c/a7c4c95f4401ff3ece7e6460e4c8891f_240x180.jpg,"

2021г.,3.5л.,автомат



внедорожник5дв.,бензин

рульслева,50000км
"
Mercedes-Benz GLK-класс,"
$11500

1027640сом
",https://im.mashina.kg/tachka/images//6/3/a/63a2bd1ce32bbca25afaa5534d299101_240x180.jpg,"

2008г.,3.5л.,автомат



внедорожник5дв.,бензин

рульслева,186019км
"
LiXiang L7,"
$58800

5254368сом
",https://im.mashina.kg/tachka/images//a/6/2/a62f306371b3e0176a861330a16141b6_240x180.jpg,"

2023г.,1.5л.,автомат



внедорожник5дв.,гибрид

рульслева,45км
"
Kia Sorento,"
$43000

3842480сом
",https://im.mashina.kg/tachka/images//3/d/f/3df7e9bf00e29a1aadddfc6e7caad8b1_240x180.jpg,"

2023г.,2.2л.,робот



внедорожник5дв.,дизель

рульслева,4500км
"
Lexus ES,"
$24500

2189320сом
",https://im.mashina.kg/tachka/images//f/b/7/fb7b41938c6a03a459d73115cf4c400f_240x180.jpg,"

2016г.,2л.,автомат



седан,бензин

рульслева,96000км
"
Voyah Free,"
$43000

3842480сом
",https://im.mashina.kg/tachka/images//0/b/e/0be83d1de713af22d18d9ed95fa8ca86_240x180.jpg,"

2023г.,1.5л.,автомат



внедорожник5дв.,гибрид

рульслева,15км
"
HiPhi Y,"
$72500

6478600сом
",https://im.mashina.kg/tachka/images//b/e/2/be2cb62e1bc52e82bdb04e295d9466db_240x180.jpg,"

2023г.,автомат



внедорожник5дв.,электро

рульслева,35км
"
BMW X5,"
$24000

2144640сом
",https://im.mashina.kg/tachka/images//6/5/f/65f27409c021b1e167685665c180429f_240x180.jpg,"

2013г.,3л.,автомат



внедорожник5дв.,бензин

рульслева,205000км
"
Toyota Prius,"
$12500

1117000сом
",https://im.mashina.kg/tachka/images//4/4/6/446d5cc700b92401bb1ba82489a3ce42_240x180.jpg,"

2014г.,1.8л.,автомат



хэтчбек5дв.,гибрид

рульслева,246000км
"
Lexus ES,"
$28500

2546760сом
",https://im.mashina.kg/tachka/images//e/e/1/ee109988b78a2065488e11a7faf1b50a_240x180.jpg,"

2017г.,2.5л.,вариатор



седан,гибрид

рульслева,103000км
"
BMW X4,"
$47000

4199920сом
",https://im.mashina.kg/tachka/images//0/e/d/0ed563ab6595e9c8607b26436473c61d_240x180.jpg,"

2019г.,2л.,автомат



внедорожник5дв.,дизель

рульслева,21000км
"
LiXiang L9,"
$69000

6165840сом
",https://im.mashina.kg/tachka/images//0/5/d/05dfd842ac254c917ec13a58c5e8e5f7_240x180.jpg,"

2023г.,1.5л.,автомат



внедорожник5дв.,гибрид

рульслева,53км
"
Voyah Free,"
$44500

3976520сом
",https://im.mashina.kg/tachka/images//a/6/3/a6383dd2e44db0322b8d5319111f6c62_240x180.jpg,"

2023г.,1.5л.,автомат



внедорожник5дв.,гибрид

рульслева,50км
"
Mercedes-Benz E-класс,"
$9200

822112сом
",https://im.mashina.kg/tachka/images//5/0/5/50585c56c0e8ed78a7388626ef692674_240x180.jpg,"

2007г.,2.1л.,автомат



седан,дизель

рульслева,172000км
"
Geely Atlas Pro,"
$22800

2037408сом
",https://im.mashina.kg/tachka/images//b/f/3/bf3b4db940210dd019c6736195186408_240x180.jpg,"

2023г.,1.5л.,автомат



внедорожник5дв.,бензин

рульслева,20км
"
Volkswagen Tiguan,"
$44300

3958648сом
",https://im.mashina.kg/tachka/images//b/9/4/b9469869b668de5f5904862985b76c57_240x180.jpg,"

2023г.,2л.,автомат



внедорожник5дв.,бензин

рульслева,20км
"
Toyota Highlander,"
$27700

2475272сом
",https://im.mashina.kg/tachka/images//5/a/c/5ac902b34639589d4b3936ec37f743f1_240x180.jpg,"

2017г.,3.5л.,автомат



внедорожник5дв.,бензин

рульслева,98000км
"
Subaru Outback,"
$16500

1474440сом
",https://im.mashina.kg/tachka/images//2/8/d/28da4efe2a6c37b8ceb3d411e69d06eb_240x180.jpg,"

2018г.,2.5л.,вариатор



универсал,бензин

рульслева,100000км
"
Toyota 4Runner,"
$20800

1858688сом
",https://im.mashina.kg/tachka/images//c/3/f/c3f27b9f4022fec986ec57bdc050df9b_240x180.jpg,"

2008г.,4л.,автомат



внедорожник5дв.,бензин

рульслева,210000км
"
LiXiang L9,"
$67500

6031800сом
",https://im.mashina.kg/tachka/images//1/9/9/199b52877e9cb4cc84831593f8365f67_240x180.jpg,"

2023г.,1.5л.,автомат



внедорожник5дв.,гибрид

рульслева,60км
"
Mercedes-Benz S-класс,"
$42000

3753120сом
",https://im.mashina.kg/tachka/images//8/e/5/8e5c1284a1fcd6be9e35c1f0018b21c5_240x180.jpg,"

2013г.,4.7л.,автомат



седан,бензин

рульслева,160000км
"
Lexus LS,"
$11500

1027640сом
",https://im.mashina.kg/tachka/images//4/0/3/403f50cf82144d166de2ee79047b791d_240x180.jpg,"

2007г.,4.6л.,автомат



седан,бензин

рульслева,190000км
"
Kia Sorento,"
$22000

1965920сом
",https://im.mashina.kg/tachka/images//2/d/d/2dd64f99237c63ed91ed65b5b9d6cf48_240x180.jpg,"

2016г.,2.2л.,автомат



внедорожник5дв.,дизель

рульслева,187694км
"
Voyah Free,"
$42800

3824608сом
",https://im.mashina.kg/tachka/images//3/b/8/3b8996fc061913e06e73ef0dbca65740_240x180.jpg,"

2023г.,1.5л.,автомат



внедорожник5дв.,гибрид

рульслева,20км
"
LiXiang L9,"
$66100

5906696сом
",https://im.mashina.kg/tachka/images//8/1/6/8162b0bc6f1c0f05701aef17fb460b05_240x180.jpg,"

2023г.,1.5л.,автомат



внедорожник5дв.,гибрид

рульслева,20км
"
Haval H5,"
$29500

2636120сом
",https://im.mashina.kg/tachka/images//0/d/3/0d3039b4547dbe5bb8fe4e3e8a400b1b_240x180.jpg,"

2023г.,2л.,автомат



внедорожник5дв.,бензин

рульслева,20км
"
BMW X5,"
$29999

2680711сом
",https://im.mashina.kg/tachka/images//c/c/6/cc6a8f7710795efb4e0e4ac969b5151c_240x180.jpg,"

2014г.,4.4л.,автомат



внедорожник5дв.,бензин

рульслева,150000км
"
Toyota Land Cruiser,"
$105000

9382800сом
",https://im.mashina.kg/tachka/images//1/2/0/1204107cded866e9f1a5c0ad512496ab_240x180.jpg,"

2023г.,3.4л.,автомат



внедорожник5дв.,бензин

рульслева,100км
"
Haval Raptor,"
$34500

3082920сом
",https://im.mashina.kg/tachka/images//2/a/6/2a65d20b854f9076d5fd405c96de1943_240x180.jpg,"

2023г.,1.5л.,автомат



внедорожник5дв.,гибрид

рульслева
"
Jetour Traveller,"
$36500

3261640сом
",https://im.mashina.kg/tachka/images//9/d/b/9dbb05a9bf062729e98e450c894b54ab_240x180.jpg,"

2023г.,2л.,робот



внедорожник5дв.,бензин

рульслева,5км
"
BMW X5,"
$50000

4468000сом
",https://im.mashina.kg/tachka/images//f/8/6/f8677261bc87790cc0f2830cc38254c6_240x180.jpg,"

2017г.,4.4л.,автомат



внедорожник5дв.,бензин

рульслева,68000км
"
Geely Coolray,"
$17700

1581672сом
",https://im.mashina.kg/tachka/images//1/2/6/1260683c4e928bccfd6c8320495a4d86_240x180.jpg,"

2023г.,1.5л.,робот



внедорожник5дв.,бензин

рульслева,5км
"
Kia K7,"
$16800

1501248сом
",https://im.mashina.kg/tachka/images//7/0/a/70a1b779838acc4bebe63fb002be4eff_240x180.jpg,"

2017г.,3л.,автомат



седан,газ

рульслева,191000км
"
BMW X5 M,"
$54000

4825440сом
",https://im.mashina.kg/tachka/images//9/5/5/9550e7f23d6e279ccde2658809c3f38e_240x180.jpg,"

2015г.,4.4л.,автомат



внедорожник5дв.,бензин

рульслева,103000км
"
BMW X5,"
$18000

1608480сом
",https://im.mashina.kg/tachka/images//f/2/a/f2a8439345e294e6f4a37525b9eee08b_240x180.jpg,"

2011г.,4.4л.,автомат



внедорожник5дв.,бензин

рульслева,141000км
"
Land Rover Range Rover Sport,"
$69500

6210520сом
",https://im.mashina.kg/tachka/images//7/a/0/7a0c1dd1a8749ff4482496350b3a4309_240x180.jpg,"

2019г.,3л.,автомат



внедорожник5дв.,бензин

рульслева
"
Toyota Highlander,"
$33500

2993560сом
",https://im.mashina.kg/tachka/images//4/b/8/4b8c37dea3bab8846853f9eaa955f11a_240x180.jpg,"

2021г.,3.5л.,автомат



внедорожник5дв.,бензин

рульслева,100000км
"
BMW 5 серии,"
$31500

2814840сом
",https://im.mashina.kg/tachka/images//0/8/6/0868ee3d7a3514cf049fe1cd26f88668_240x180.jpg,"

2017г.,2л.,автомат



седан,дизель

рульслева,120000км
"
Kia Sorento,"
$19500

1742520сом
",https://im.mashina.kg/tachka/images//a/b/c/abc2fce52be9f3978473c0da4af70bb7edb_240x180.jpg,"

2019г.,2.4л.,автомат



внедорожник5дв.,бензин

рульслева,87000км
"
Lexus RX,"
$14700

1313592сом
",https://im.mashina.kg/tachka/images//5/9/8/59816865903cbbc8494d8cfea87d0aae_240x180.jpg,"

2007г.,3.5л.,автомат



внедорожник5дв.,бензин

рульслева,218000км
"
LiXiang L7,"
$58000

5182880сом
",https://im.mashina.kg/tachka/images//d/1/4/d144cd6997180fd98fe7c0629af0ca2f_240x180.jpg,"

2023г.,1.5л.,автомат



внедорожник5дв.,гибрид

рульслева,9км
"
Honda Torneo,"
$8666

774394сом
",https://im.mashina.kg/tachka/images//8/4/b/84bd4b9aa98d21f3e3dfc4794a5df605_240x180.jpg,"

2000г.,2.2л.,механика



седан,бензин

рульсправа,178000км
"
GAC Trumpchi GS8,"
$34500

3082920сом
",https://im.mashina.kg/tachka/images//f/c/a/fca618f46053c8eb95b259e6b50f4526_240x180.jpg,"

2023г.,автомат



внедорожник5дв.,бензин

рульслева,37км
"
GAC Trumpchi M6 Pro,"
$28500

2546760сом
",https://im.mashina.kg/tachka/images//e/2/e/e2eb8c82bd7f475779cbd57965386e80_240x180.jpg,"

2023г.,1.5л.,робот



минивэн,бензин

рульслева,1км
"
Changan UNI-K,"
$26800

2331600сом
",https://im.mashina.kg/tachka/images//f/b/5/fb5bf76a795171c8529ff1374d7813d8_240x180.jpg,"

2023г.,2л.,автомат



внедорожник5дв.,бензин

рульслева
"
Voyah Free,"
$44500

3976520сом
",https://im.mashina.kg/tachka/images//2/4/7/2479f51a7b5bc481d239030d4fcc53a5_240x180.jpg,"

2023г.,1.5л.,автомат



внедорожник5дв.,гибрид

рульслева,1км
"
Toyota Highlander,"
$34500

3082920сом
",https://im.mashina.kg/tachka/images//f/4/b/f4bddf307241420de2a0500ffd5e32c0_240x180.jpg,"

2015г.,3.5л.,вариатор



внедорожник5дв.,гибрид

рульслева,137000км
"
Geely Boyue Cool,"
$23800

2126768сом
",https://im.mashina.kg/tachka/images//c/4/8/c48d1fd82ac4d6fdff9904737bc4c1e8_240x180.jpg,"

2023г.,1.5л.,робот



внедорожник5дв.,бензин

рульслева,1км
"
Geely Boyue Cool,"
$22800

2037408сом
",https://im.mashina.kg/tachka/images//8/0/8/8082ec3ca3baba99bf24a5bf3382cd55_240x180.jpg,"

2023г.,1.5л.,робот



внедорожник5дв.,бензин

рульслева,1км
"
Mercedes-Benz C-Класс,"
$26000

2323360сом
",https://im.mashina.kg/tachka/images//6/f/a/6fa0481123354bbf3426a140cdb4390c_240x180.jpg,"

2017г.,2.1л.,автомат



седан,дизель

рульслева,111000км
"
BMW 5 серии,"
$30900

2761224сом
",https://im.mashina.kg/tachka/images//6/a/c/6ac31cbd36b00960cb3cbf5a8bcbfff2_240x180.jpg,"

2017г.,2л.,автомат



седан,дизель

рульслева,141000км
"
Geely Monjaro,"
$30200

2698672сом
",https://im.mashina.kg/tachka/images//4/5/9/4590a8c32dcd4e0a615dc8afc8e5699f_240x180.jpg,"

2023г.,2л.,автомат



внедорожник5дв.,бензин

рульслева,10км
"
EXEED RX,"
$31200

2788032сом
",https://im.mashina.kg/tachka/images//0/9/b/09b86346ac12447780fe9c336d40cd8f_240x180.jpg,"

2023г.,2л.,робот



внедорожник5дв.,бензин

рульслева,1км
"
Kia Carnival,"
$21500

1921240сом
",https://im.mashina.kg/tachka/images//a/3/6/a365090853f8754b249a56b6eab1ec34_240x180.jpg,"

2018г.,2.2л.,автомат



минивэн,дизель

рульслева,110000км
"
Zeekr 001,"
$46800

4182048сом
",https://im.mashina.kg/tachka/images//f/7/6/f76158e3a1ad120152700088321bb258_240x180.jpg,"

2022г.,автомат



лифтбек,электро

рульслева,321км
"
EXEED RX,"
$29500

2636120сом
",https://im.mashina.kg/tachka/images//b/e/5/be5178adf697ab8318d9bc6633eb2376_240x180.jpg,"

2023г.,2л.,робот



внедорожник5дв.,бензин

рульслева,1км
"
Hyundai Sonata,"
$17800

1590608сом
",https://im.mashina.kg/tachka/images//5/2/6/52662de405cfae3860acc8fd5385eb41_240x180.jpg,"

2019г.,2л.,автомат



седан,бензин/газ

рульслева,120000км
"
Land Rover Range Rover,"
$52000

4646720сом
",https://im.mashina.kg/tachka/images//d/b/8/db8411fe0d1b66e590db22ae5dee28ee_240x180.jpg,"

2015г.,4.4л.,автомат



внедорожник5дв.,дизель

рульслева,138000км
"
BMW X6,"
$46500

4155240сом
",https://im.mashina.kg/tachka/images//5/2/b/52bd352979407c469b556597e67448f2_240x180.jpg,"

2017г.,3л.,автомат



внедорожник5дв.,дизель

рульслева,140000км
"
Nissan Patrol,"
$22500

2010600сом
",https://im.mashina.kg/tachka/images//e/6/3/e632fe0e81281f9183d077f36c32793b_240x180.jpg,"

2012г.,5.6л.,автомат



внедорожник5дв.,бензин

рульслева,194000км
"
BMW X5,"
$40999

3663671сом
",https://im.mashina.kg/tachka/images//3/1/5/3152f6cd2624423ca814f596f756d54f_240x180.jpg,"

2016г.,2л.,автомат



внедорожник5дв.,гибрид

рульслева,220000км
"
EXEED RX,"
$32000

2859520сом
",https://im.mashina.kg/tachka/images//0/4/3/043f7db0f43b1eea7f70b898c162a4e9_240x180.jpg,"

2023г.,2л.,автомат



внедорожник5дв.,бензин

рульслева
"
Lexus IS,"
$19000

1697840сом
",https://im.mashina.kg/tachka/images//1/e/6/1e6e182ca5913b3dd4122ac4b1ab6d8f_240x180.jpg,"

2018г.,3.5л.,автомат



седан,бензин

рульслева,150000км
"
Lexus RX,"
$46000

4110560сом
",https://im.mashina.kg/tachka/images//4/8/a/48a3970b4be8f74bee202c7100823886_240x180.jpg,"

2020г.,3.5л.,автомат



внедорожник5дв.,бензин

рульслева,19000км
"
Land Rover Range Rover Sport,"
$50990

4556466сом
",https://im.mashina.kg/tachka/images//a/5/d/a5dcd994d8b015db13335392db3f2ce9_240x180.jpg,"

2016г.,3л.,автомат



внедорожник5дв.,дизель

рульслева,58000км
"
Kia K5 II Седан,"
$17999

1608391сом
",https://im.mashina.kg/tachka/images//7/4/3/743c2e44ae582a294f4641f9eb0b87ea_240x180.jpg,"

2020г.,2л.,автомат



седан,бензин

рульслева,50000км
"
Skoda Rapid,"
$17000

1519120сом
",https://im.mashina.kg/tachka/images//3/f/c/3fc2e04cadc571c7ecdfdf4ad57ffda4_240x180.jpg,"

2020г.,1.6л.,робот



хэтчбек5дв.,дизель

рульслева,85000км
"
Subaru Outback,"
$19000

1697840сом
",https://im.mashina.kg/tachka/images//a/7/9/a79f1d061c96449202ab7847a1c70cce_240x180.jpg,"

2019г.,2.5л.,вариатор



универсал,бензин

рульслева,69000км
"
Kia Optima,"
$16500

1474440сом
",https://im.mashina.kg/tachka/images//d/9/3/d9338fccd5e7a738bcd48cf6a32b4ebf_240x180.jpg,"

2019г.,2.4л.,автомат



седан,бензин

рульслева,57000км
"
Toyota Camry,"
$15800

1411888сом
",https://im.mashina.kg/tachka/images//7/4/c/74c07ccd04e23b92d6319e3d8eeaf805_240x180.jpg,"

2016г.,2.5л.,автомат



седан,бензин

рульслева,181500км
"
Toyota Camry,"
$19500

1742520сом
",https://im.mashina.kg/tachka/images//b/d/2/bd21064115e903c513a8fb9768543bae_240x180.jpg,"

2018г.,2.5л.,автомат



седан,бензин

рульслева,128000км
"
Toyota Land Cruiser,"
$114000

10187040сом
",https://im.mashina.kg/tachka/images//7/0/7/707f2fdb1eb851c267b6c58e10353956_240x180.jpg,"

2023г.,3.4л.,автомат



внедорожник5дв.,бензин

рульслева,5км
"
Chevrolet Malibu,"
$10800

965088сом
",https://im.mashina.kg/tachka/images//0/2/b/02bf21694400c931916504881efff480_240x180.jpg,"

2017г.,1.5л.,автомат



седан,бензин

рульслева,140000км
"
Kia K5 II Седан,"
$16700

1492312сом
",https://im.mashina.kg/tachka/images//2/4/7/2479e7729415f0169551aadd9ceaf545_240x180.jpg,"

2019г.,2л.,автомат



седан,газ

рульслева,55000км
"
Kia Sorento,"
$42000

3753120сом
",https://im.mashina.kg/tachka/images//0/5/6/0560d0e360e8567a58d80564d060c07c_240x180.jpg,"

2022г.,2.5л.,робот



внедорожник5дв.,бензин

рульслева,15000км
"
Kia K7,"
$18500

1653160сом
",https://im.mashina.kg/tachka/images//1/7/d/17dcca7ef394f8edc93236b8c938861e_240x180.jpg,"

2017г.,2.4л.,автомат



седан,бензин

рульслева,139000км
"
Hyundai Sonata,"
$14200

1268912сом
",https://im.mashina.kg/tachka/images//4/c/7/4c79081fdacecff2ef6b7d89983d1f17_240x180.jpg,"

2017г.,2л.,автомат



седан,газ

рульслева,158000км
"
BMW 5 серии,"
$28500

2546760сом
",https://im.mashina.kg/tachka/images//a/b/e/abe8559ba434f87d34716a57d47cbc82_240x180.jpg,"

2018г.,2л.,автомат



седан,дизель

рульслева,265000км
"
Geely Monjaro,"
$29900

2671864сом
",https://im.mashina.kg/tachka/images//7/2/6/72699079d15e2077940530acac6daf93_240x180.jpg,"

2023г.,2л.,автомат



внедорожник5дв.,бензин

рульслева,20км
"
Hyundai Sonata,"
$13400

1197424сом
",https://im.mashina.kg/tachka/images//9/b/1/9b1ce140885f41c56856ce972f82e02a_240x180.jpg,"

2018г.,2л.,автомат



седан,газ

рульслева,150000км
"
Changan UNI-K,"
$23500

2044500сом
",https://im.mashina.kg/tachka/images//7/7/e/77e12d28fbb1c23760062caa8a5290af_240x180.jpg,"

2023г.,2л.,автомат



внедорожник5дв.,бензин

рульслева
"
LiXiang L7,"
$58300

5209688сом
",https://im.mashina.kg/tachka/images//b/7/1/b711332f30cb6da155efaeaf961c85d9_240x180.jpg,"

2023г.,1.5л.,автомат



внедорожник5дв.,гибрид

рульслева,15км
"
Kia K7,"
$22000

1965920сом
",https://im.mashina.kg/tachka/images//3/5/c/35c74267d6239b6aab7a988a03181d15_240x180.jpg,"

2017г.,2.4л.,автомат



седан,бензин

рульслева,200000км
"
Toyota Camry,"
$21200

1894432сом
",https://im.mashina.kg/tachka/images//7/5/8/758e708b6935fe746972f78bcb471cc7_240x180.jpg,"

2018г.,2.5л.,автомат



седан,бензин

рульслева,77000км
"
BMW 5 серии,"
$8057

720000сом
",https://im.mashina.kg/tachka/images//c/f/2/cf21e85b5e45fbeda5b494f45cb1a5e3_240x180.jpg,"

2003г.,2.5л.,автомат



седан,бензин

рульслева,192000км
"
Lexus GX,"
$22600

2019536сом
",https://im.mashina.kg/tachka/images//f/b/3/fb3e75f75209fa80be4620242991cefb_240x180.jpg,"

2005г.,4.7л.,автомат



внедорожник5дв.,бензин

рульслева,200000км
"
Geely Monjaro,"
$30200

2698672сом
",https://im.mashina.kg/tachka/images//6/b/f/6bf415337436009c2bba5aef2c39ee99_240x180.jpg,"

2023г.,2л.,автомат



внедорожник5дв.,бензин

рульслева,18км
"
Toyota Alphard,"
$14100

1259976сом
",https://im.mashina.kg/tachka/images//b/c/a/bcaef052d2cdf97da13c1b0e4df5e0cc_240x180.jpg,"

2003г.,2.4л.,автомат



минивэн,бензин

рульсправа,260000км
"
Toyota Camry,"
$25000

2234000сом
",https://im.mashina.kg/tachka/images//f/a/3/fa3a23f6b4f021ce976d4328ef3c2c93_240x180.jpg,"

2019г.,2.5л.,вариатор



седан,гибрид

рульслева,45000км
"
Toyota Aristo,"
$8888

794232сом
",https://im.mashina.kg/tachka/images//f/e/0/fe0dc9c7202df687e690a4c0b924593e_240x180.jpg,"

2001г.,3л.,автомат



седан,бензин

рульсправа,256000км
"
Kia K7,"
$16500

1474440сом
",https://im.mashina.kg/tachka/images//7/0/4/7045be58ffcc07f67e8e25f10643df12_240x180.jpg,"

2018г.,3л.,автомат



седан,газ

рульслева,130000км
"
Hyundai Sonata,"
$13500

1206360сом
",https://im.mashina.kg/tachka/images//d/6/f/d6fe2b22ab712c9e507a7997504f15c0_240x180.jpg,"

2018г.,2л.,автомат



седан,газ

рульслева,130000км
"
Kia Optima,"
$13700

1224232сом
",https://im.mashina.kg/tachka/images//d/3/9/d39801096d30d9fae715be84268c6e2a_240x180.jpg,"

2018г.,2.4л.,автомат



седан,бензин

рульслева,78000км
"
Kia Rio,"
$5800

518288сом
",https://im.mashina.kg/tachka/images//e/d/0/ed0ca3f7f46acd3f23c4a6c117454857_240x180.jpg,"

2015г.,1.6л.,механика



седан,бензин

рульслева,350000км
"
Hyundai Palisade,"
$57700

5156072сом
",https://im.mashina.kg/tachka/images//4/8/4/484ed2afb95a3ea49fa355090c337adf_240x180.jpg,"

2022г.,2.2л.,автомат



внедорожник5дв.,дизель

рульслева,11700км
"
Toyota Camry,"
$32900

2939944сом
",https://im.mashina.kg/tachka/images//e/9/1/e91c48876dd844949ad36490a6ea5f00_240x180.jpg,"

2023г.,2.5л.,автомат



седан,бензин

рульслева,10км
"
Lexus RX,"
$14600

1304656сом
",https://im.mashina.kg/tachka/images//5/7/0/570fa7ca7936bf3419d4927b7dc5e743_240x180.jpg,"

2005г.,3л.,автомат



внедорожник5дв.,бензин

рульслева,213940км
"
Mazda 3,"
$9999

893511сом
",https://im.mashina.kg/tachka/images//1/8/9/189d222a7d197802306c6bff78b8d0d0_240x180.jpg,"

2011г.,1.6л.,автомат



седан,бензин

рульслева,133497км
"
Voyah Free,"
$43700

3905032сом
",https://im.mashina.kg/tachka/images//b/e/5/be5d8eeeefed83df3dcab34d8cd0cd68_240x180.jpg,"

2023г.,1.5л.,автомат



внедорожник5дв.,гибрид

рульслева,15км
"
LiXiang L9,"
$67000

5987120сом
",https://im.mashina.kg/tachka/images//9/1/b/91b7196ae12c6131d627e923c9173714_240x180.jpg,"

2023г.,1.5л.,автомат



внедорожник5дв.,гибрид

рульслева,15км
"
Kia Sorento,"
$25700

2296552сом
",https://im.mashina.kg/tachka/images//0/5/3/0533cc4e77c5523e4d8cd8392ea77d34_240x180.jpg,"

2017г.,2л.,автомат



внедорожник5дв.,дизель

рульслева,40000км
"
Hyundai Elantra,"
$16500

1474440сом
",https://im.mashina.kg/tachka/images//0/b/1/0b1610fe22d44d0c6baeba7b0b4a155c_240x180.jpg,"

2019г.,1.6л.,автомат



седан,бензин

рульслева,73000км
"
Mazda Premacy,"
$5036

450000сом
",https://im.mashina.kg/tachka/images//7/6/8/768d6d59fb754e6847fe4a541e50f630_240x180.jpg,"

2001г.,1.8л.,автомат



компактвэн,бензин

рульсправа,420000км
"
Toyota Sequoia,"
$18700

1671032сом
",https://im.mashina.kg/tachka/images//4/2/6/42690c79d03e7b4dcf355d25b6a22139_240x180.jpg,"

2005г.,4.7л.,автомат



внедорожник5дв.,бензин

рульслева,228431км
"
Kia Morning,"
$8000

714880сом
",https://im.mashina.kg/tachka/images//1/7/9/179b1e8d54b2555f62b139c8cf8b678a_240x180.jpg,"

2018г.,1л.,автомат



хэтчбек5дв.,бензин

рульслева,51000км
"
LiXiang L9,"
$68000

6076480сом
",https://im.mashina.kg/tachka/images//5/5/c/55c2d005b2459d35a77cc6541e9b523d_240x180.jpg,"

2023г.,1.5л.,автомат



внедорожник5дв.,гибрид

рульслева
"
Kia K5 I Седан,"
$11400

1018704сом
",https://im.mashina.kg/tachka/images//f/5/9/f59dd6d0a997e784dd37921af279cf56_240x180.jpg,"

2012г.,2л.,автомат



седан,бензин

рульслева,178222км
"
Mercedes-Benz CLS,"
$31500

2814840сом
",https://im.mashina.kg/tachka/images//7/6/e/76edb582dd8743db805324655ef184f9_240x180.jpg,"

2013г.,4.7л.,автомат



седан,бензин

рульслева,19000км
"
Volkswagen Golf,"
$5300

473608сом
",https://im.mashina.kg/tachka/images//4/9/1/49123670daf993beb8ad240087a918d0_240x180.jpg,"

2003г.,1.6л.,механика



хэтчбек5дв.,бензин

рульслева,257000км
"
Kia Seltos,"
$24500

2189320сом
",https://im.mashina.kg/tachka/images//d/c/a/dca7cbe5728d8f5903bf2b800cf80d04_240x180.jpg,"

2019г.,1.6л.,автомат



внедорожник5дв.,бензин

рульслева,15000км
"
LiXiang L9,"
$68500

6121160сом
",https://im.mashina.kg/tachka/images//6/9/b/69baa6c9e2f46068a7e7d54bc92753a9_240x180.jpg,"

2023г.,1.5л.,автомат



внедорожник5дв.,гибрид

рульслева
"
Honda Jazz,"
$6826

610000сом
",https://im.mashina.kg/tachka/images//2/0/e/20e26f5fa8fdb4157eb38eac175ffee8_240x180.jpg,"

2007г.,1.5л.,вариатор



хэтчбек5дв.,бензин

рульслева,229500км
"
Toyota Camry,"
$17000

1519120сом
",https://im.mashina.kg/tachka/images//b/9/4/b94c47b10bcf256de726c9e062431349_240x180.jpg,"

2012г.,3.5л.,автомат



седан,бензин

рульслева,250000км
"
Honda CR-V,"
$11300

1009768сом
",https://im.mashina.kg/tachka/images//f/1/c/f1c428eabd1e556759b2c5da96cb58c4_240x180.jpg,"

2008г.,2.4л.,автомат



внедорожник5дв.,бензин

рульслева,146000км
"
Kia K5 II Седан,"
$15800

1411888сом
",https://im.mashina.kg/tachka/images//7/f/d/7fd6ced036afadb01a1cee0e621f5787_240x180.jpg,"

2018г.,2л.,автомат



седан,газ

рульслева,148070км
"
Kia K5 II Седан,"
$12900

1152744сом
",https://im.mashina.kg/tachka/images//b/3/c/b3ccd75fe96a1679906dc99c37918e25_240x180.jpg,"

2016г.,2л.,автомат



седан,газ

рульслева,214000км
"
Toyota Camry,"
$15285

1365868сом
",https://im.mashina.kg/tachka/images//7/3/e/73e29a73eaab7a651a75eb555f78f6b7_240x180.jpg,"

2012г.,2.5л.,автомат



седан,бензин

рульслева,248512км
"
Toyota Camry,"
$8990

803346сом
",https://im.mashina.kg/tachka/images//4/8/2/48213b7057f24fe5c36bbeb2d30c46b8_240x180.jpg,"

2003г.,2.4л.,автомат



седан,бензин

рульслева,220000км
"
Honda Accord,"
$8600

768496сом
",https://im.mashina.kg/tachka/images//7/7/2/772576b9ffbceeca56e2c87feb41b284_240x180.jpg,"

2003г.,2.4л.,автомат



седан,бензин

рульсправа,287000км
"
Nissan Primera,"
$111907

10000000сом
",/bundles/client/default/img/no-preview.jpg,"

2000г.,1.8л.,автомат



седан,бензин

рульсправа,350000км
"
Toyota Estima,"
$13800

1233168сом
",https://im.mashina.kg/tachka/images//6/a/4/6a4a7c044cfff489dd8b24563f5b9de9_240x180.jpg,"

2008г.,2.4л.,вариатор



минивэн,бензин

рульсправа,205000км
"
Kia Sorento,"
$20900

1867624сом
",https://im.mashina.kg/tachka/images//1/f/8/1f80f8f242a9c21533fa1845a4387e40_240x180.jpg,"

2019г.,2л.,автомат



внедорожник5дв.,дизель

рульслева,36500км
"
BMW 5 серии,"
$12000

1072320сом
",https://im.mashina.kg/tachka/images//f/0/2/f0200c20c60f00e9f56acaf76ac11228_240x180.jpg,"

2008г.,3л.,автомат



седан,бензин

рульслева,322000км
"
Hyundai Getz,"
$4252

380000сом
",https://im.mashina.kg/tachka/images//1/6/b/16b95db3bb0e97c0e04a0006525a0b52_240x180.jpg,"

2003г.,1.3л.,механика



хэтчбек5дв.,бензин

рульслева,203185км
"
Toyota Highlander,"
$14000

1251040сом
",https://im.mashina.kg/tachka/images//f/3/8/f3825292f9ef8e8070ab51a056e3055b_240x180.jpg,"

2006г.,3.3л.,вариатор



внедорожник5дв.,гибрид

рульслева,247000км
"
Toyota RAV4,"
$20000

1787200сом
",https://im.mashina.kg/tachka/images//b/5/f/b5f32e8de8812acd85e76f8d3e05f939_240x180.jpg,"

2015г.,2.5л.,автомат



внедорожник5дв.,бензин

рульслева,100000км
"
Daewoo Lacetti,"
$4029

360000сом
",https://im.mashina.kg/tachka/images//0/c/6/0c6a8c0cc981f02fda402af83edd2e29_240x180.jpg,"

2003г.,1.6л.,механика



седан,бензин

рульслева,202639км
"
Toyota Camry,"
$12600

1125936сом
",https://im.mashina.kg/tachka/images//9/8/e/98e3af2dc00d202b9be2eb77d560fbe2_240x180.jpg,"

2010г.,2.5л.,автомат



седан,бензин

рульслева,105000км
"
Subaru Legacy,"
$7700

688072сом
",https://im.mashina.kg/tachka/images//f/1/f/f1fdbb4b877df6f7b2b950097714001a_240x180.jpg,"

2005г.,2л.,автомат



седан,бензин

рульсправа,233069км
"
Honda Fit,"
$6714

600000сом
",https://im.mashina.kg/tachka/images//f/a/3/fa3f5dc3673139af590a934462c98019_240x180.jpg,"

2006г.,1.5л.,вариатор



хэтчбек5дв.,бензин

рульсправа,213548км
"
Toyota RAV4,"
$20000

1787200сом
",https://im.mashina.kg/tachka/images//0/b/f/0bf78bbb19824894da88d34bb41797b9_240x180.jpg,"

2017г.,2.5л.,вариатор



внедорожник5дв.,гибрид

рульслева,150000км
"
Toyota Camry (Japan),"
$24300

2171448сом
",https://im.mashina.kg/tachka/images//8/9/6/896a3cea3d537038f6f43fb473e06c9a_240x180.jpg,"

2017г.,2.5л.,вариатор



седан,гибрид

рульслева,111000км
"
Fiat 500,"
$9500

848920сом
",https://im.mashina.kg/tachka/images//9/e/e/9ee9f1eac3e89a0f6fbf96cdd278f6b3_240x180.jpg,"

2016г.,автомат



хэтчбек3дв.,электро

рульслева,79400км
"
Hyundai Sonata,"
$11500

1027640сом
",https://im.mashina.kg/tachka/images//b/e/7/be77bbcfbe8665fb55f367c2a8d53c84_240x180.jpg,"

2019г.,2л.,автомат



седан,бензин

рульслева,105000км
"
Mercedes-Benz C-Класс,"
$24800

2216128сом
",https://im.mashina.kg/tachka/images//b/c/5/bc5f4e35a228a6830268bf5dfb55dc92_240x180.jpg,"

2017г.,2.1л.,автомат



седан,дизель

рульслева,98000км
"
Toyota Corolla,"
$6491

580000сом
",https://im.mashina.kg/tachka/images//1/d/b/1db189118be9aa8b9767bc7bdf8b4d12_240x180.jpg,"

2004г.,1.6л.,механика



седан,бензин

рульслева,9497км
"
Hyundai Palisade,"
$42500

3797800сом
",https://im.mashina.kg/tachka/images//f/b/d/fbda3780e9fa8a8204ec21da4680e3a9_240x180.jpg,"

2021г.,2.2л.,автомат



внедорожник5дв.,дизель

рульслева,40000км
"
Hyundai Sonata,"
$20900

1867624сом
",https://im.mashina.kg/tachka/images//7/e/7/7e771364662b4d9d22616ee119cab852_240x180.jpg,"

2019г.,2л.,автомат



седан,бензин

рульслева,110000км
"
Daewoo Tico,"
$1119

100000сом
",https://im.mashina.kg/tachka/images//8/9/3/89386f4f0fae87b827e1a37c5d8e4cc0_240x180.jpg,"

1996г.,0.8л.,механика



хэтчбек5дв.,бензин

рульслева,357247км
"
EXEED TXL,"
$31300

2796968сом
",https://im.mashina.kg/tachka/images//2/7/0/2709c52d2e0eb3e3923fe7d2456d5a0e_240x180.jpg,"

2023г.,2л.,робот



внедорожник5дв.,бензин

рульслева,75км
"
Toyota Camry,"
$23300

2082088сом
",https://im.mashina.kg/tachka/images//a/2/e/a2e5d1de02391ac2f95d10ff6596bd2e_240x180.jpg,"

2018г.,2.5л.,автомат



седан,бензин

рульслева,161000км
"
Toyota Altezza,"
$5372

480000сом
",https://im.mashina.kg/tachka/images//d/b/6/db61d47f815db0fe51deff2be557a957_240x180.jpg,"

1999г.,2л.,автомат



седан,бензин

рульсправа,320000км
"
Nissan Leaf,"
$10950

978492сом
",https://im.mashina.kg/tachka/images//2/4/e/24e824802df1de9d690cadde7c118958_240x180.jpg,"

2013г.,автомат



хэтчбек5дв.,электро

рульслева,129500км
"
Toyota RAV4,"
$25800

2305488сом
",https://im.mashina.kg/tachka/images//2/d/f/2dfe7354336e0c7abfd98fa432e9839e_240x180.jpg,"

2017г.,2.5л.,автомат



внедорожник5дв.,бензин

рульслева,86224км
"
Toyota Land Cruiser,"
$47000

4199920сом
",https://im.mashina.kg/tachka/images//7/8/e/78eaf34c7810057842621851de6c35fd_240x180.jpg,"

2012г.,4.6л.,автомат



внедорожник5дв.,бензин

рульслева,178125км
"
Toyota Highlander,"
$34900

3118664сом
",https://im.mashina.kg/tachka/images//9/8/f/98f64dd951f220f2bff029c5e9b7a9a4_240x180.jpg,"

2017г.,3.5л.,автомат



внедорожник5дв.,бензин

рульслева,102321км
"
Hyundai Grandeur,"
$16950

1514652сом
",https://im.mashina.kg/tachka/images//0/e/8/0e8b4e96fecf5f95afdaffa0da3b42ad_240x180.jpg,"

2017г.,3л.,автомат



седан,газ

рульслева,200000км
"
Toyota RAV4,"
$24300

2171448сом
",https://im.mashina.kg/tachka/images//7/d/2/7d27eb8cacd05ada1416e360ec6adaa5_240x180.jpg,"

2017г.,2.5л.,автомат



внедорожник5дв.,бензин

рульслева,102226км
"
Honda Stream,"
$6800

607648сом
",https://im.mashina.kg/tachka/images//c/b/9/cb9ebb1c6e5b91361c4348a3263cbee7_240x180.jpg,"

2002г.,1.7л.,автомат



компактвэн,бензин

рульсправа,187654км
"
Toyota Camry,"
$8505

760000сом
",https://im.mashina.kg/tachka/images//7/c/0/7c05db36d24b93b030eca6516e862fdd_240x180.jpg,"

2002г.,2.4л.,автомат



седан,бензин

рульслева,100000км
"
Mercedes-Benz E-класс,"
$7999

714791сом
",https://im.mashina.kg/tachka/images//3/1/1/311c1efd9a3bb89daffd991ffe9a4f4e_240x180.jpg,"

2001г.,3.2л.,автомат



седан,бензин

рульслева,310000км
"
Chevrolet Spark,"
$9500

848920сом
",https://im.mashina.kg/tachka/images//5/b/1/5b1ff358bcdcee830ff66777eddc65ed_240x180.jpg,"

2021г.,1л.,вариатор



хэтчбек5дв.,бензин

рульслева,90000км
"
Toyota Camry,"
$19900

1778264сом
",https://im.mashina.kg/tachka/images//3/5/0/350fde9d254f238c669c78e265d8737e_240x180.jpg,"

2017г.,2.5л.,автомат



седан,бензин

рульслева,75532км
"
Toyota RAV4,"
$25200

2251872сом
",https://im.mashina.kg/tachka/images//1/e/a/1ea5e94d66c627a1a82993424ede4c88_240x180.jpg,"

2016г.,2.5л.,автомат



внедорожник5дв.,бензин

рульслева,124355км
"
Kia Sportage,"
$20600

1840816сом
",https://im.mashina.kg/tachka/images//2/d/2/2d2cca5c077b8e56fdedc274b72807d6_240x180.jpg,"

2020г.,2.4л.,автомат



внедорожник5дв.,бензин

рульслева,52000км
"
Mercedes-Benz A-Класс,"
$1902

170000сом
",https://im.mashina.kg/tachka/images//5/4/1/541cfa4445942f6a99b689c8f8ecb037_240x180.jpg,"

2000г.,1.4л.,механика



хэтчбек5дв.,бензин

рульслева,280000км
"
Toyota Camry,"
$23000

2055280сом
",https://im.mashina.kg/tachka/images//e/a/3/ea3813e3b5a2e7d2d2e4fe64d3a643cb_240x180.jpg,"

2015г.,3.5л.,автомат



седан,бензин

рульслева,147000км
"
Toyota Camry,"
$17500

1563800сом
",https://im.mashina.kg/tachka/images//f/e/b/feb054bb947c2c23d2cce582d9921673_240x180.jpg,"

2012г.,3.5л.,автомат



седан,бензин

рульслева,250000км
"
Lexus IS,"
$11500

1027640сом
",https://im.mashina.kg/tachka/images//5/d/4/5d45621ebd3b48a5c36f35fb84569181_240x180.jpg,"

2008г.,2.5л.,автомат



седан,бензин

рульслева,270000км
"
Hyundai Santa Fe,"
$30000

2680800сом
",https://im.mashina.kg/tachka/images//5/3/3/5333c3b2f0882fe1d73f35589ede8e6a_240x180.jpg,"

2022г.,2.5л.,автомат



внедорожник5дв.,бензин

рульслева,17000км
"
Mercedes-Benz E-класс,"
$3133

280000сом
",https://im.mashina.kg/tachka/images//1/9/6/196686aedcd438c32df4df4d7a566584_240x180.jpg,"

1995г.,2.2л.,автомат



седан,бензин

рульсправа,330000км
"
Mercedes-Benz E-класс,"
$6714

600000сом
",https://im.mashina.kg/tachka/images//b/e/2/be2131be41326ac97770e7a759e0cb07_240x180.jpg,"

2000г.,3.2л.,автомат



седан,бензин

рульслева,330000км
"
Toyota Tundra,"
$48000

4289280сом
",https://im.mashina.kg/tachka/images//7/3/e/73e68ab7c5e303dc679fb33a8c140d8e_240x180.jpg,"

2014г.,5.7л.,автомат



пикапдвойнаякабина,бензин

рульслева,31000км
"
Kia K5 II Седан,"
$15200

1358272сом
",https://im.mashina.kg/tachka/images//5/1/c/51c176534bacf2c1cfb49ec8c923c448_240x180.jpg,"

2017г.,2л.,автомат



седан,газ

рульслева,126500км
"
Daewoo Matiz,"
$4588

410000сом
",https://im.mashina.kg/tachka/images//a/b/1/ab1221709b152eccf2641871533c66c8_240x180.jpg,"

2008г.,0.8л.,автомат



хэтчбек5дв.,бензин

рульслева,220000км
"
Toyota Camry,"
$28000

2502080сом
",https://im.mashina.kg/tachka/images//e/f/3/ef348260453758f8ed168e0b1ff36e0d_240x180.jpg,"

2021г.,2.5л.,автомат



седан,бензин

рульслева,55300км
"
Toyota Camry,"
$21800

1948048сом
",https://im.mashina.kg/tachka/images//e/4/3/e43d95429d349be2648c9de98b0f6ba8_240x180.jpg,"

2018г.,2.5л.,автомат



седан,бензин

рульслева,52213км
"
Kia Morning,"
$10200

911472сом
",https://im.mashina.kg/tachka/images//1/0/6/106fc43f778e49de1c52be16f69b5e84_240x180.jpg,"

2017г.,1л.,автомат



хэтчбек5дв.,бензин

рульслева,68500км
"
Toyota Camry,"
$8500

759560сом
",https://im.mashina.kg/tachka/images//8/9/0/890232d01eff60375f3642a4658d8972_240x180.jpg,"

2004г.,2.4л.,автомат



седан,бензин

рульслева,175000км
"
BMW 5 серии,"
$38500

3440360сом
",https://im.mashina.kg/tachka/images//0/1/a/01a4b19cd55133a8765c09993bc422f4_240x180.jpg,"

2017г.,3л.,автомат



седан,бензин

рульслева,60000км
"
Toyota RAV4,"
$20800

1858688сом
",https://im.mashina.kg/tachka/images//c/6/2/c6231d0bb8dd026ac7299c2d69de3ba5_240x180.jpg,"

2018г.,2.5л.,автомат



внедорожник5дв.,бензин

рульслева,40000км
"
Honda Accord,"
$7300

652328сом
",https://im.mashina.kg/tachka/images//a/f/3/af376cea76817395d3c16f63a9891838_240x180.jpg,"

2006г.,2л.,механика



седан,бензин

рульслева,30000км
"
Daewoo Matiz,"
$1455

130000сом
",https://im.mashina.kg/tachka/images//f/d/4/fd4c29f84bcdb72e531f2e7d410bbfb0_240x180.jpg,"

1998г.,0.8л.,механика



хэтчбек5дв.,бензин

рульслева,250000км
"
Volkswagen Passat,"
$1791

160000сом
",https://im.mashina.kg/tachka/images//3/8/f/38fe75d240251e808745e05fe66fb035_240x180.jpg,"

1998г.,1.8л.,автомат



седан,бензин

рульсправа,281675км
"
Zeekr X,"
$31000

2770160сом
",https://im.mashina.kg/tachka/images//8/1/1/811bb001e42f844fc4a86c1737593aab_240x180.jpg,"

2023г.,автомат



внедорожник5дв.,электро

рульслева,30км
"
Daewoo Matiz,"
$3805

340000сом
",https://im.mashina.kg/tachka/images//f/a/c/facab8b0717699ee104c5561f627fc1b_240x180.jpg,"

2005г.,0.8л.,автомат



хэтчбек5дв.,бензин

рульслева,181232км
"
Mercedes-Benz E-класс,"
$9100

813176сом
",https://im.mashina.kg/tachka/images//d/1/0/d10c81438169522ef97a4beb36ac7763_240x180.jpg,"

2001г.,4.3л.,автомат



седан,бензин

рульслева,250000км
"
Toyota Highlander,"
$14000

1251040сом
",https://im.mashina.kg/tachka/images//c/f/e/cfef17bdcddf8d5b60e1f84577d25798_240x180.jpg,"

2004г.,3.3л.,автомат



внедорожник5дв.,бензин

рульслева,216300км
"
Toyota Camry,"
$15200

1358272сом
",https://im.mashina.kg/tachka/images//b/d/7/bd7e019b6a320f604d95bd6cd5d888a7_240x180.jpg,"

2015г.,2.5л.,вариатор



седан,гибрид

рульслева,289681км
"
LiXiang L9,"
$65800

5879888сом
",https://im.mashina.kg/tachka/images//3/8/f/38f6eb6851e19ee342b73a3401956f20_240x180.jpg,"

2023г.,1.5л.,автомат



внедорожник5дв.,гибрид

рульслева,10км
"
Toyota Corolla,"
$7000

625520сом
",https://im.mashina.kg/tachka/images//3/7/6/376829d9c8d1f58316b2676d279b42e8_240x180.jpg,"

2005г.,1.4л.,механика



хэтчбек5дв.,бензин

рульслева,272980км
"
Toyota Camry,"
$38000

3420000сом
",https://im.mashina.kg/tachka/images//d/6/7/d670da359f8cdc7c5886d59591be428f_240x180.jpg,"

2023г.,2.5л.,автомат



седан,бензин

рульслева,6700км
"
Voyah Free,"
$41200

3681632сом
",https://im.mashina.kg/tachka/images//a/7/0/a7011cfd2b93516f2dd4d66ac242465a_240x180.jpg,"

2023г.,1.5л.,автомат



внедорожник5дв.,гибрид

рульслева,50км
"
Chevrolet Monza,"
$13800

1233168сом
",https://im.mashina.kg/tachka/images//4/6/b/46bc9b43c386cc171096e8d291da71a5_240x180.jpg,"

2022г.,1.5л.,автомат



седан,бензин

рульслева,1км
"
Toyota Land Cruiser Prado,"
$79000

7110000сом
",https://im.mashina.kg/tachka/images//4/e/f/4ef391ef970169dded1ccf91bdffd45d_240x180.jpg,"

2021г.,4л.,автомат



внедорожник5дв.,бензин

рульслева,27300км
"
Toyota Avalon,"
$17500

1563800сом
",https://im.mashina.kg/tachka/images//4/0/7/4079214a24fb53c1bb182a34e88cb668_240x180.jpg,"

2013г.,2.5л.,вариатор



седан,гибрид

рульслева,189000км
"
Changan UNI-K,"
$27900

2493144сом
",https://im.mashina.kg/tachka/images//c/d/2/cd2a55c201226c27fbb127600e6ea048_240x180.jpg,"

2023г.,2л.,автомат



внедорожник5дв.,бензин

рульслева,1км
"
BMW X7,"
$110000

9900000сом
",https://im.mashina.kg/tachka/images//7/1/9/7194639250d3527ebfc852a007ebc7e7_240x180.jpg,"

2020г.,3л.,автомат



внедорожник5дв.,дизель

рульслева,71000км
"
Zeekr 001,"
$59700

5334792сом
",https://im.mashina.kg/tachka/images//6/7/5/6750c494658f10631f8dbe438db06205_240x180.jpg,"

2023г.,автомат



лифтбек,электро

рульслева,1км
"
Geely Monjaro,"
$30200

2698672сом
",https://im.mashina.kg/tachka/images//9/4/0/940351168d794fed539646968c98d34b_240x180.jpg,"

2023г.,2л.,автомат



внедорожник5дв.,бензин

рульслева,5км
"
Tank 400,"
$49600

4432256сом
",https://im.mashina.kg/tachka/images//8/e/0/8e0c47ddd0b9323e2e75829c632f71b2_240x180.jpg,"

2023г.,2л.,автомат



внедорожник5дв.,гибрид

рульслева,1км
"
Geely Coolray,"
$17600

1572736сом
",https://im.mashina.kg/tachka/images//b/6/6/b66dad282bb149881c36ea9ed02c60fe_240x180.jpg,"

2023г.,1.5л.,робот



внедорожник5дв.,бензин

рульслева,5км
"
Kia Stinger,"
$41000

3690000сом
",https://im.mashina.kg/tachka/images//c/c/0/cc0da7437dfdf5c488d915d5f9359ed9_240x180.jpg,"

2022г.,2л.,автомат



лифтбек,бензин

рульслева,14800км
"
Chevrolet Monza,"
$13500

1206360сом
",https://im.mashina.kg/tachka/images//0/9/5/095c48d341fc086ad6daff98c0cc7828_240x180.jpg,"

2023г.,1.5л.,робот



седан,бензин

рульслева
"
Mercedes-Benz S-класс,"
$9300

831048сом
",https://im.mashina.kg/tachka/images//5/6/1/5619283da7e5b00ff8df10aa82ef38ab_240x180.jpg,"

2006г.,5.5л.,автомат



седан,бензин

рульслева,241000км
"
Lexus LX,"
$117000

10530000сом
",https://im.mashina.kg/tachka/images//5/a/0/5a066c971c05db22e00b32391434011c_240x180.jpg,"

2018г.,5.7л.,автомат



внедорожник5дв.,бензин

рульслева,50000км
"
Toyota Ist,"
$8500

759560сом
",https://im.mashina.kg/tachka/images//3/9/9/399325acb17978521a24da5b55e4ed45_240x180.jpg,"

2009г.,1.8л.,автомат



хэтчбек5дв.,бензин

рульслева,281000км
"
Toyota 4Runner,"
$76000

6840000сом
",https://im.mashina.kg/tachka/images//0/7/b/07bbba86017b7cbb01c5329c25cd7097_240x180.jpg,"

2022г.,4л.,автомат



внедорожник5дв.,бензин

рульслева,350км
"
Lexus RX,"
$11800

1054448сом
",https://im.mashina.kg/tachka/images//2/3/6/236709116cf3b8dbe5bcb7e6d852f6b1_240x180.jpg,"

2003г.,3.3л.,автомат



внедорожник5дв.,бензин

рульсправа,130000км
"
Hyundai Sonata,"
$26000

2340000сом
",https://im.mashina.kg/tachka/images//c/f/5/cf50443c30c75fabd1ae02d8b7c53345_240x180.jpg,"

2022г.,2л.,автомат



седан,бензин

рульслева,67643км
"
Mercedes-Benz E-класс,"
$6200

554032сом
",https://im.mashina.kg/tachka/images//0/c/a/0cad4cfe3a7957d5df5d85e261fe94d5_240x180.jpg,"

2002г.,2.4л.,автомат



седан,бензин

рульслева,500000км
"
BMW 5 серии,"
$12000

1072320сом
",https://im.mashina.kg/tachka/images//0/0/a/00a06431e40756fd5dabd21aa1351c34_240x180.jpg,"

2003г.,3л.,автомат



седан,бензин

рульслева,203000км
"
Mercedes-Benz S-класс AMG,"
$17500

1563800сом
",https://im.mashina.kg/tachka/images//6/9/2/692f874c544346263ce1341a534b56a6_240x180.jpg,"

2008г.,6.2л.,автомат



седан,бензин

рульслева,185000км
"
Kia K7,"
$19700

1760392сом
",https://im.mashina.kg/tachka/images//9/e/7/9e7a1619cf81a9654155d021a153d7ad_240x180.jpg,"

2018г.,3л.,автомат



седан,газ

рульслева,195000км
"
Kia K5 II Седан,"
$16700

1492312сом
",https://im.mashina.kg/tachka/images//0/f/0/0f00cfde3c1211648c0eda095bb1ea14_240x180.jpg,"

2019г.,2л.,автомат



седан,газ

рульслева,121800км
"
Mazda Premacy,"
$4252

380000сом
",https://im.mashina.kg/tachka/images//1/e/a/1eaf5cee559486a02df39a2ab0bf5667_240x180.jpg,"

2001г.,1.8л.,механика



компактвэн,бензин

рульслева,354127км
"
Mercedes-Benz E-класс,"
$9000

804240сом
",https://im.mashina.kg/tachka/images//5/a/8/5a860a6ee968bdad35124a249ac883b9_240x180.jpg,"

1999г.,3.2л.,автомат



седан,бензин

рульслева,496581км
"
Geely Atlas Pro,"
$22800

2037408сом
",https://im.mashina.kg/tachka/images//a/4/9/a4912da490091b767d508fcc6db3fb16_240x180.jpg,"

2023г.,1.5л.,автомат



внедорожник5дв.,бензин

рульслева,20км
"
Changan UNI-T,"
$21800

1948048сом
",https://im.mashina.kg/tachka/images//5/c/a/5caa932d87c95d2cec03a8b33c3ce2b4_240x180.jpg,"

2023г.,1.5л.,робот



внедорожник5дв.,бензин

рульслева,10км
"
Audi 80,"
$1455

130000сом
",https://im.mashina.kg/tachka/images//7/8/1/7810d6730080238aa6e4c76448e48433_240x180.jpg,"

1987г.,1.8л.,механика



седан,бензин

рульслева,258000км
"
Volkswagen Passat,"
$2798

250000сом
",https://im.mashina.kg/tachka/images//2/3/c/23c17f2c3dcd3b144e6ff49ed1e60969_240x180.jpg,"

1995г.,1.8л.,механика



седан,бензин

рульслева,200000км
"
Hyundai Santa Fe,"
$35000

3127600сом
",https://im.mashina.kg/tachka/images//1/5/c/15cb8363cd2dc1e7178405408dcd6e1f_240x180.jpg,"

2022г.,2.5л.,робот



внедорожник5дв.,бензин

рульслева,10000км
"
Mercedes-Benz E-класс,"
$13700

1224232сом
",https://im.mashina.kg/tachka/images//d/0/d/d0d3965a127b7f685a52de2e7350c75b_240x180.jpg,"

2002г.,5л.,автомат



седан,бензин

рульслева,167000км
"
Hyundai Maxcruz,"
$23400

2091024сом
",https://im.mashina.kg/tachka/images//b/a/e/bae5cf915bd0bc506096cf85acb3b4bf_240x180.jpg,"

2017г.,2.2л.,автомат



внедорожник5дв.,дизель

рульслева,125000км
"
Nissan Patrol,"
$23100

2064216сом
",https://im.mashina.kg/tachka/images//8/2/b/82b46117f3ccee7839b2ee19120e964d_240x180.jpg,"

2012г.,5.6л.,автомат



внедорожник5дв.,бензин

рульслева,197000км
"
Geely Boyue Cool,"
$22800

2037408сом
",https://im.mashina.kg/tachka/images//6/1/e/61ebe0ed86851ffc306a7b85ad31b5ad_240x180.jpg,"

2023г.,1.5л.,робот



внедорожник5дв.,бензин

рульслева,10км
"
Toyota Camry,"
$10100

902536сом
",https://im.mashina.kg/tachka/images//b/5/2/b524f10857db078722ea9e3a6bb70821_240x180.jpg,"

2004г.,2.4л.,автомат



седан,бензин

рульслева,198000км
"
Mercedes-Benz C-Класс,"
$6267

560000сом
",https://im.mashina.kg/tachka/images//e/7/2/e72aa3e827ec8c024d2cd6e6b37434b9_240x180.jpg,"

2000г.,3.2л.,автомат



седан,бензин

рульслева,175806км
"
Toyota Alphard,"
$14200

1268912сом
",https://im.mashina.kg/tachka/images//4/8/f/48f74821c33cfd60c9fd2c508657035d_240x180.jpg,"

2007г.,3л.,автомат



минивэн,бензин

рульсправа,350000км
"
ВАЗ (Lada) 2107,"
$727

65000сом
",https://im.mashina.kg/tachka/images//d/0/a/d0ab5f46a139df5757889ee07fe1d99f_240x180.jpg,"

2005г.,1.6л.,механика



седан,бензин

рульслева,125421км
"
Mercedes-Benz E-класс,"
$8000

714880сом
",https://im.mashina.kg/tachka/images//1/e/5/1e50bc07da8b72c378a5543b73b83a16_240x180.jpg,"

2001г.,3.2л.,автомат



седан,бензин

рульслева,256398км
"
LiXiang L9,"
$66500

5942440сом
",https://im.mashina.kg/tachka/images//f/7/b/f7bab9f40c9a1f3cea1ef724389a1f69_240x180.jpg,"

2023г.,1.5л.,автомат



внедорожник5дв.,гибрид

рульслева,10км
"
Honda S-MX,"
$4129

369000сом
",https://im.mashina.kg/tachka/images//a/2/8/a287001e2be1add0a7e3c2bdc6f0d30d_240x180.jpg,"

1996г.,2л.,автомат



компактвэн,бензин

рульсправа,263954км
"
LiXiang L7,"
$55200

4932672сом
",https://im.mashina.kg/tachka/images//1/5/1/15148e7567658a0f8970d47763f3f6e5_240x180.jpg,"

2023г.,1.5л.,автомат



внедорожник5дв.,гибрид

рульслева,10км
"
Hyundai Sonata,"
$13300

1188488сом
",https://im.mashina.kg/tachka/images//d/6/0/d607955bbfbd6c0ffac674728bb658b5_240x180.jpg,"

2018г.,2л.,автомат



седан,газ

рульслева,220000км
"
Mitsubishi Lancer,"
$4476

400000сом
",https://im.mashina.kg/tachka/images//b/5/2/b52f69c415cb4139f07894c24179c0e8_240x180.jpg,"

2004г.,1.6л.,механика



универсал,бензин

рульслева,380000км
"
Lexus GX,"
$20500

1831880сом
",https://im.mashina.kg/tachka/images//7/4/c/74c00450b80fb5bb031080fab3b766ee_240x180.jpg,"

2005г.,4.7л.,автомат



внедорожник5дв.,бензин

рульслева,283284км
"
Hyundai Sonata,"
$9499

848831сом
",https://im.mashina.kg/tachka/images//a/5/d/a5dbf7dfc99ebe01674d13e1a49b9391_240x180.jpg,"

2011г.,2л.,автомат



седан,газ

рульслева,246000км
"
Chevrolet Monza,"
$14700

1313592сом
",https://im.mashina.kg/tachka/images//9/e/0/9e0e3c058d4cc6efd79fa824eae5504b_240x180.jpg,"

2023г.,1.5л.,робот



седан,бензин

рульслева,8км
"
Volkswagen ID.6,"
$32000

2859520сом
",https://im.mashina.kg/tachka/images//5/2/a/52aeabeedad9d05d6d8002d04453b2cb_240x180.jpg,"

2022г.,автомат



внедорожник5дв.,электро

рульслева,6000км
"
Mercedes-Benz E-класс,"
$7000

625520сом
",https://im.mashina.kg/tachka/images//9/0/7/9070e4d20fa23587c1df78cc6a190461_240x180.jpg,"

1998г.,4.3л.,автомат



седан,бензин

рульслева,285248км
"
Geely Atlas,"
$23500

2099960сом
",https://im.mashina.kg/tachka/images//b/1/a/b1a803cadcef3244d85f86030f1710df_240x180.jpg,"

2023г.,1.8л.,автомат



внедорожник5дв.,бензин

рульслева,11км
"
Honda Accord,"
$24999

2233911сом
",https://im.mashina.kg/tachka/images//0/0/5/005e5fc8743ba78204616ec87453e85c_240x180.jpg,"

2020г.,1.5л.,вариатор



седан,бензин

рульслева,49000км
"
Daewoo Matiz,"
$3133

280000сом
",https://im.mashina.kg/tachka/images//6/c/2/6c23b4ee7e2fae274f56ce552bc49545_240x180.jpg,"

2011г.,0.8л.,механика



хэтчбек5дв.,бензин

рульслева,200000км
"
Changan UNI-K,"
$26300

2350168сом
",https://im.mashina.kg/tachka/images//6/2/b/62bfb69f1ac2af0ee9c6cc431ed20bb5_240x180.jpg,"

2023г.,2л.,автомат



внедорожник5дв.,бензин

рульслева,10км
"
Geely Coolray,"
$19500

1742520сом
",https://im.mashina.kg/tachka/images//f/a/4/fa4457aee4737a1bb597ebbda7c0b7d6_240x180.jpg,"

2023г.,1.5л.,робот



внедорожник5дв.,бензин

рульслева,10км
"
Toyota RAV4,"
$28000

2502080сом
",https://im.mashina.kg/tachka/images//3/e/9/3e9d0efc85bd6771a0928c9c499e1f2e_240x180.jpg,"

2019г.,2.5л.,автомат



внедорожник5дв.,гибрид

рульслева,120000км
"
Hyundai Santa Fe,"
$23000

2055280сом
",https://im.mashina.kg/tachka/images//e/a/9/ea956d7b8be03a377025b43a4dbba2cb_240x180.jpg,"

2017г.,2л.,автомат



внедорожник5дв.,дизель

рульслева,52000км
"
Hyundai Tucson,"
$23200

2073152сом
",https://im.mashina.kg/tachka/images//d/1/b/d1b9d7a69255f80298f0e0927c839b64_240x180.jpg,"

2017г.,2л.,автомат



внедорожник5дв.,дизель

рульслева,85000км
"
BMW X7,"
$60000

5361600сом
",https://im.mashina.kg/tachka/images//b/0/6/b064657c88035ec65616085c44c5119d_240x180.jpg,"

2019г.,3л.,автомат



внедорожник5дв.,бензин

рульслева,52000км
"
Voyah Free,"
$42000

3753120сом
",https://im.mashina.kg/tachka/images//6/4/f/64f89540ce8b3844dcc41408526e4701_240x180.jpg,"

2023г.,1.5л.,автомат



внедорожник5дв.,гибрид

рульслева,50км
"
Volkswagen Tiguan,"
$27500

2457400сом
",https://im.mashina.kg/tachka/images//9/8/c/98cb2bceaad989af7c7c6fd59078d793_240x180.jpg,"

2018г.,2л.,робот



внедорожник5дв.,дизель

рульслева,98300км
"
Toyota Camry,"
$9800

875728сом
",https://im.mashina.kg/tachka/images//0/6/0/060983f7801fc817a6270beddffa3707_240x180.jpg,"

2007г.,2.4л.,автомат



седан,бензин

рульслева,300000км
"
Kia K5 III Седан,"
$25500

2278680сом
",https://im.mashina.kg/tachka/images//0/f/d/0fd7d5c6bc1e230651515f5db9e64136_240x180.jpg,"

2020г.,2л.,автомат



седан,бензин

рульслева,114000км
"
Kia Sportage,"
$21900

1956984сом
",https://im.mashina.kg/tachka/images//c/1/9/c199a9fe875335c3d4b9454f72b843fa_240x180.jpg,"

2019г.,2л.,автомат



внедорожник5дв.,дизель

рульслева,37500км
"
Kia Sportage,"
$17400

1554864сом
",https://im.mashina.kg/tachka/images//1/4/9/14965d75f965c30b67df79d6e61949e0_240x180.jpg,"

2017г.,2л.,автомат



внедорожник5дв.,дизель

рульслева,74000км
"
Hyundai Santa Fe,"
$24500

2189320сом
",https://im.mashina.kg/tachka/images//5/8/6/5865380fcde1b5988ef9a9e201b36945_240x180.jpg,"

2016г.,2.2л.,автомат



внедорожник5дв.,дизель

рульслева,93200км
"
Hyundai Sonata,"
$8953

800000сом
",https://im.mashina.kg/tachka/images//b/7/8/b783053820a7765201a78956dae3a8ab_240x180.jpg,"

2010г.,2л.,механика



седан,бензин

рульслева,243535км
"
Kia Sorento,"
$24500

2189320сом
",https://im.mashina.kg/tachka/images//b/a/b/bab7504e83d8d491a8659939cc27cca9_240x180.jpg,"

2017г.,2.2л.,автомат



внедорожник5дв.,дизель

рульслева,90000км
"
BMW X5,"
$14900

1331464сом
",https://im.mashina.kg/tachka/images//3/a/d/3ada7727a25db053df2a81223da8fb27_240x180.jpg,"

2006г.,3л.,автомат



внедорожник5дв.,дизель

рульслева,380000км
"
LiXiang L9,"
$66500

5942440сом
",https://im.mashina.kg/tachka/images//b/a/f/bafe89b188581943935ee0df0ac0a711_240x180.jpg,"

2023г.,1.5л.,автомат



внедорожник5дв.,гибрид

рульслева,1000км
"
Kia K5 II Седан,"
$15300

1367208сом
",https://im.mashina.kg/tachka/images//8/a/3/8a3b785afe6c1bdac4cc9d07ed600cca_240x180.jpg,"

2018г.,2л.,автомат



седан,газ

рульслева,180000км
"
Mercedes-Benz W124,"
$2798

250000сом
",https://im.mashina.kg/tachka/images//9/1/5/915ffac90aceb89c282b1cb608fd8f87_240x180.jpg,"

1989г.,2.3л.,автомат



универсал,бензин

рульслева,360000км
"
Chevrolet Lanos,"
$2126

190000сом
",https://im.mashina.kg/tachka/images//f/a/f/faf20c69b773c07e9d9dd156c81e07e7_240x180.jpg,"

2006г.,1.5л.,механика



седан,бензин

рульслева,26386км
"
Hyundai Grandeur,"
$16700

1492312сом
",https://im.mashina.kg/tachka/images//2/c/4/2c464d2fec95c760b5a6dd2947758c21_240x180.jpg,"

2018г.,3л.,автомат



седан,газ

рульслева,125000км
"
Daewoo Matiz,"
$4141

370000сом
",https://im.mashina.kg/tachka/images//3/9/5/3952e0f3cc7062f0b7cec17e61b00788_240x180.jpg,"

2007г.,0.8л.,автомат



хэтчбек5дв.,бензин

рульслева,16700км
"
Honda Pilot,"
$41700

3726312сом
",https://im.mashina.kg/tachka/images//d/7/2/d722e68a908b87d0b96d73ac467ea696_240x180.jpg,"

2021г.,3.5л.,автомат



внедорожник5дв.,бензин

рульслева,48000км
"
Audi A6,"
$4252

380000сом
",https://im.mashina.kg/tachka/images//e/3/c/e3c8df1aa6b9d683e760d557c915d44f_240x180.jpg,"

2003г.,2.5л.,вариатор



универсал,дизель

рульслева,250000км
"
ВАЗ (Lada) 2106,"
$2238

200000сом
",https://im.mashina.kg/tachka/images//f/0/9/f09deb98c74016662fdf171d14a4dde2_240x180.jpg,"

2002г.,1.6л.,механика



седан,бензин

рульслева
"
Geely Atlas Pro,"
$22500

2012400сом
",https://im.mashina.kg/tachka/images//c/2/f/c2fdc16ccae5abfbb45a58841f986cd2_240x180.jpg,"

2023г.,1.5л.,автомат



внедорожник5дв.,бензин

рульслева,50км
"
Toyota Avalon,"
$38999

3484951сом
",https://im.mashina.kg/tachka/images//f/b/9/fb93fb6291f104fa00b02f8ed08e5e5a_240x180.jpg,"

2019г.,2.5л.,вариатор



седан,гибрид

рульслева,50000км
"
Lexus LX,"
$53800

4807568сом
",https://im.mashina.kg/tachka/images//e/c/0/ec09bae81f82a20c7ae63575821129bb_240x180.jpg,"

2012г.,5.7л.,автомат



внедорожник5дв.,бензин

рульслева,163000км
"
Honda Fit,"
$4812

430000сом
",https://im.mashina.kg/tachka/images//6/4/2/64212917238c8315ad119d151252130c_240x180.jpg,"

2003г.,1.3л.,вариатор



хэтчбек5дв.,бензин

рульсправа,420000км
"
Tesla Model S,"
$45000

4021200сом
",https://im.mashina.kg/tachka/images//2/e/1/2e1222413ab56683353e1296525f90c3_240x180.jpg,"

2014г.,автомат



лифтбек,электро

рульслева,50000км
"
Toyota Highlander,"
$11500

1027640сом
",https://im.mashina.kg/tachka/images//2/f/8/2f88ce13a0065ccb64be4d695706a09a_240x180.jpg,"

2003г.,3л.,автомат



внедорожник5дв.,бензин

рульслева,225600км
"
Toyota Tundra,"
$78000

6970080сом
",https://im.mashina.kg/tachka/images//1/c/b/1cb40f9e9eee9ebcb5ef9f90883ffa8a_240x180.jpg,"

2020г.,5.7л.,автомат



пикапдвойнаякабина,бензин

рульслева,33000км
"
Land Rover Range Rover,"
$88800

7935168сом
",https://im.mashina.kg/tachka/images//5/e/4/5e4084699c6bb5fcf34cbf06a16887c0_240x180.jpg,"

2018г.,4.4л.,автомат



внедорожник5дв.,дизель

рульслева,146000км
"
Jeep Grand Cherokee,"
$5900

527224сом
",https://im.mashina.kg/tachka/images//2/7/0/270bbeb295a6ce111ac8a0d62b9a6cba_240x180.jpg,"

1995г.,4л.,автомат



внедорожник5дв.,бензин

рульслева
"
Toyota Sequoia,"
$32800

2931008сом
",https://im.mashina.kg/tachka/images//2/5/f/25f76915e8b0e1898d5aaab1761c8d64_240x180.jpg,"

2008г.,5.7л.,автомат



внедорожник5дв.,бензин

рульслева,170000км
"
Nissan Almera Tino,"
$4924

440000сом
",https://im.mashina.kg/tachka/images//8/1/7/817774162a3421eea32b2af95b1f8b51_240x180.jpg,"

2005г.,1.8л.,механика



компактвэн,бензин

рульслева,290000км
"
Lexus LX,"
$31800

2841648сом
",https://im.mashina.kg/tachka/images//9/5/7/9571f50664bb6ffe33d6e12001bf5c5c_240x180.jpg,"

2006г.,4.7л.,автомат



внедорожник5дв.,бензин

рульслева,260000км
"
Lexus LX,"
$38500

3440360сом
",https://im.mashina.kg/tachka/images//a/3/5/a35b2aafaded1397e140483be68e93d4_240x180.jpg,"

2010г.,5.7л.,автомат



внедорожник5дв.,бензин

рульслева,200000км
"
Toyota Land Cruiser Prado,"
$16500

1474440сом
",https://im.mashina.kg/tachka/images//9/f/e/9fed22c80fde5a4cd0db724f164a5edb_240x180.jpg,"

2002г.,3л.,автомат



внедорожник5дв.,дизель

рульслева,212000км
"
Lexus LX,"
$79800

7130928сом
",https://im.mashina.kg/tachka/images//6/b/4/6b446775dc62f876221405d620e7e547_240x180.jpg,"

2017г.,4.5л.,автомат



внедорожник5дв.,дизель

рульслева,140000км
"
BMW X5,"
$44800

4003328сом
",https://im.mashina.kg/tachka/images//2/d/f/2df4a18e3619c683c439f9b219f229fb_240x180.jpg,"

2017г.,3л.,автомат



внедорожник5дв.,дизель

рульслева,130000км
"
Toyota Land Cruiser Prado,"
$22800

2037408сом
",https://im.mashina.kg/tachka/images//0/4/9/0495b630dc270a2aac47e932db6765bd_240x180.jpg,"

2006г.,3л.,автомат



внедорожник5дв.,дизель

рульслева,214000км
"
BMW X5,"
$50800

4539488сом
",https://im.mashina.kg/tachka/images//7/b/c/7bc80ccf084fe61e9a94712031e0e10c_240x180.jpg,"

2016г.,3л.,автомат



внедорожник5дв.,дизель

рульслева,137000км
"
Toyota Wish,"
$8100

723816сом
",https://im.mashina.kg/tachka/images//1/3/e/13e3ea277bb17a7950291197976c0675_240x180.jpg,"

2003г.,1.8л.,автомат



компактвэн,бензин

рульсправа,191231км
"
Lexus LX,"
$55800

4986288сом
",https://im.mashina.kg/tachka/images//1/1/8/11805311d1dc842807a97c488af47c9f_240x180.jpg,"

2013г.,5.7л.,автомат



внедорожник5дв.,бензин

рульслева,160000км
"
Hummer H2,"
$27000

2412720сом
",https://im.mashina.kg/tachka/images//9/6/4/964408c07d4e1b8990317da4b04d64eb_240x180.jpg,"

2006г.,6л.,автомат



внедорожник5дв.,бензин

рульслева
"
BMW X7,"
$152000

13582720сом
",https://im.mashina.kg/tachka/images//0/4/a/04a2a47f34e17b0b5ae0929116adfd21_240x180.jpg,"

2023г.,3л.,автомат



внедорожник5дв.,бензин

рульслева,3000км
"
Hyundai Santa Fe,"
$28200

2519952сом
",https://im.mashina.kg/tachka/images//7/6/5/765579d289f8f3595ebdd3a262df53fd_240x180.jpg,"

2019г.,2л.,автомат



внедорожник5дв.,дизель

рульслева,90000км
"
Hyundai Avante,"
$13800

1233168сом
",https://im.mashina.kg/tachka/images//9/d/e/9de06602527246198ad2b11ff7abedc1_240x180.jpg,"

2018г.,1.6л.,автомат



седан,газ

рульслева,49500км
"
Toyota Camry,"
$27000

2412720сом
",https://im.mashina.kg/tachka/images//9/7/5/975f93c39b1c4cabf4da79dc978688eb_240x180.jpg,"

2023г.,2.5л.,автомат



седан,бензин

рульслева,21км
"
Lexus LX,"
$36000

3216960сом
",https://im.mashina.kg/tachka/images//b/4/3/b4332822aef5330b085a696058cf959e_240x180.jpg,"

2008г.,5.7л.,автомат



внедорожник5дв.,бензин

рульслева,240000км
"
BMW X6,"
$15950

1425292сом
",https://im.mashina.kg/tachka/images//f/1/2/f1264ef78474ed15418c79acd392bdaa_240x180.jpg,"

2008г.,3л.,автомат



внедорожник5дв.,бензин

рульслева,250000км
"
Honda Accord,"
$7000

625520сом
",https://im.mashina.kg/tachka/images//e/e/1/ee1460723760e6012ec586ecc2730d48_240x180.jpg,"

2008г.,2.2л.,механика



универсал,дизель

рульслева,156000км
"
Chevrolet Captiva,"
$8393

750000сом
",https://im.mashina.kg/tachka/images//8/5/7/857a48b92cf7ebf3a2ae06c5190c74a0_240x180.jpg,"

2008г.,2.4л.,автомат



внедорожник5дв.,бензин

рульслева,184541км
"
Mercedes-Benz W124,"
$3133

280000сом
",https://im.mashina.kg/tachka/images//4/d/6/4d6a45b4cd999823e11869056d1dc6cf_240x180.jpg,"

1990г.,2.3л.,автомат



седан,бензин

рульслева,345124км
"
SsangYong Rexton,"
$25000

2234000сом
",https://im.mashina.kg/tachka/images//2/0/1/2011ca7a4350031826a1138bd899fcfe_240x180.jpg,"

2017г.,2.2л.,автомат



внедорожник5дв.,дизель

рульслева,167000км
"
Hyundai Sonata,"
$18500

1653160сом
",https://im.mashina.kg/tachka/images//3/b/f/3bfec558970f731162f68de4e57f068e_240x180.jpg,"

2019г.,2л.,автомат



седан,бензин/газ

рульслева,110000км
"
Toyota Allex,"
$6700

598712сом
",https://im.mashina.kg/tachka/images//9/3/4/934472c5bf41d9208f5321b2fcea6bd5_240x180.jpg,"

2003г.,1.5л.,автомат



хэтчбек5дв.,бензин

рульсправа,215846км
"
Kia Morning,"
$10700

956152сом
",https://im.mashina.kg/tachka/images//8/a/a/8aa8698cb281cd6484e0bc0aabcf8a02_240x180.jpg,"

2018г.,1л.,автомат



хэтчбек5дв.,бензин

рульслева,83000км
"
Honda CR-V,"
$12000

1072320сом
",https://im.mashina.kg/tachka/images//5/e/8/5e82008959d42cbbae6560c2e11e6129_240x180.jpg,"

2004г.,2.4л.,автомат



внедорожник5дв.,бензин

рульслева,130000км
"
Kia Morning,"
$9800

875728сом
",https://im.mashina.kg/tachka/images//e/9/6/e96a857a0c99dc2c1b9755f0bd350b21_240x180.jpg,"

2017г.,1л.,автомат



хэтчбек5дв.,бензин

рульслева,106000км
"
Toyota Avensis,"
$6603

590000сом
",/bundles/client/default/img/no-preview.jpg,"

2005г.,1.8л.,механика



седан,бензин

рульслева,2999км
"
Toyota Camry,"
$29000

2591440сом
",https://im.mashina.kg/tachka/images//6/c/e/6ce8effea677c426fc16a5fbbba5d4da_240x180.jpg,"

2018г.,2.5л.,автомат



седан,бензин

рульслева,47000км
"
BMW 5 серии,"
$7500

670200сом
",https://im.mashina.kg/tachka/images//b/e/9/be97050acc10ca571d34064d2639da1c_240x180.jpg,"

2002г.,2.5л.,механика



седан,бензин

рульслева,327000км
"
Lexus LX,"
$27800

2484208сом
",https://im.mashina.kg/tachka/images//f/2/4/f2409cf3ce77682f586caffbb2e9bfc2_240x180.jpg,"

2007г.,4.7л.,автомат



внедорожник5дв.,бензин

рульслева,173000км
"
Geely Monjaro,"
$30000

2680800сом
",https://im.mashina.kg/tachka/images//c/0/6/c06e54722fe99ad113e8970022606648_240x180.jpg,"

2023г.,2л.,автомат



внедорожник5дв.,бензин

рульслева,40км
"
Voyah Free,"
$42800

3824608сом
",https://im.mashina.kg/tachka/images//c/2/a/c2a582653220820890b44609ba3924fa_240x180.jpg,"

2023г.,1.5л.,автомат



внедорожник5дв.,гибрид

рульслева,10км
"
Voyah Free,"
$42800

3824608сом
",https://im.mashina.kg/tachka/images//d/c/4/dc42d46800ff08f50b7d761002e7e83e_240x180.jpg,"

2023г.,1.5л.,автомат



внедорожник5дв.,гибрид

рульслева,8км
"
Toyota Land Cruiser Prado,"
$13500

1206360сом
",https://im.mashina.kg/tachka/images//7/c/0/7c018882cdbac25c8a8c8cde5974f645_240x180.jpg,"

1999г.,3.4л.,автомат



внедорожник5дв.,бензин

рульсправа,348000км
"
Daihatsu Sirion,"
$4476

400000сом
",https://im.mashina.kg/tachka/images//1/e/9/1e9f5e43cde9a0bf3e2553637cfcf8ef_240x180.jpg,"

2010г.,1л.,механика



хэтчбек5дв.,бензин

рульслева,270000км
"
Voyah Free,"
$42800

3824608сом
",https://im.mashina.kg/tachka/images//3/4/7/347b502b8e75312d84437cfda583d9d4_240x180.jpg,"

2023г.,1.5л.,автомат



внедорожник5дв.,гибрид

рульслева,11км
"
Mercedes-Benz E-класс,"
$7300

652328сом
",https://im.mashina.kg/tachka/images//8/b/2/8b2438fcaf51e47b050980a9fe3b919a_240x180.jpg,"

2001г.,2.6л.,автомат



седан,бензин

рульслева,362000км
"
EXEED RX,"
$32000

2859520сом
",https://im.mashina.kg/tachka/images//5/1/0/51062d753243fa06bc82454bd70d8317_240x180.jpg,"

2023г.,2л.,робот



внедорожник5дв.,бензин

рульслева,10км
"
Zeekr X,"
$38000

3395680сом
",https://im.mashina.kg/tachka/images//2/b/c/2bc31045684a69a8d62510663d345ca8_240x180.jpg,"

2023г.,автомат



внедорожник5дв.,электро

рульслева,7км
"
Kia K7,"
$29000

2591440сом
",https://im.mashina.kg/tachka/images//9/7/1/97132fd9ee6d670c1b76b0a8740f1238_240x180.jpg,"

2019г.,2.5л.,автомат



седан,бензин

рульслева,72900км
"
Voyah Dream,"
$53000

4736080сом
",https://im.mashina.kg/tachka/images//a/0/e/a0e0e19c24eacb2603564d9bfc9c235d_240x180.jpg,"

2023г.,1.5л.,автомат



минивэн,гибрид

рульслева,3км
"
EXEED RX,"
$30900

2761224сом
",https://im.mashina.kg/tachka/images//0/e/8/0e8c50bd87b1c46ef912eafe0e26b2cb_240x180.jpg,"

2023г.,2л.,автомат



внедорожник5дв.,бензин

рульслева,10км
"
LiXiang L7,"
$60000

5361600сом
",https://im.mashina.kg/tachka/images//6/6/1/6619e05e61502a9ee7ca88e6dbeb8b6f_240x180.jpg,"

2023г.,1.5л.,автомат



внедорожник5дв.,гибрид

рульслева,11км
"
LiXiang L9,"
$66000

5897760сом
",https://im.mashina.kg/tachka/images//8/3/0/830c50b1de0fc0dc1f5e80ba2dd85987_240x180.jpg,"

2023г.,1.5л.,автомат



внедорожник5дв.,гибрид

рульслева,1км
"
ВАЗ (Lada) 2107,"
$1846

165000сом
",https://im.mashina.kg/tachka/images//6/0/9/6093fb142dd99a8d64e08d297921eaf6_240x180.jpg,"

2006г.,1.6л.,механика



седан,бензин

рульслева,100000км
"
Honda Accord,"
$18500

1653160сом
",https://im.mashina.kg/tachka/images//1/1/a/11a60ee45c8ecf8df6479def8dd922c5_240x180.jpg,"

2018г.,1.5л.,вариатор



седан,бензин

рульслева,65000км
"
LiXiang L7,"
$59800

5343728сом
",https://im.mashina.kg/tachka/images//1/b/c/1bc47ef726ef5d4b249bce4cc4073e5e_240x180.jpg,"

2023г.,1.5л.,автомат



внедорожник5дв.,гибрид

рульслева,8км
"
Kia K7,"
$17000

1519120сом
",https://im.mashina.kg/tachka/images//d/8/3/d83f968159ec7d0599bca8b73372640b_240x180.jpg,"

2016г.,3л.,автомат



седан,газ

рульслева,208000км
"
BMW 3 серии,"
$6000

536160сом
",https://im.mashina.kg/tachka/images//6/2/2/6228ab4ac698360a705eac614c0ff1a4_240x180.jpg,"

2000г.,2.2л.,механика



седан,бензин

рульслева,300000км
"
Alpina XB7,"
$160000

14297600сом
",https://im.mashina.kg/tachka/images//0/2/5/02544806c2526dccb112351e0b1bede6_240x180.jpg,"

2020г.,4.4л.,автомат



внедорожник5дв.,бензин

рульслева,30000км
"
Hyundai Kona,"
$24500

2189320сом
",https://im.mashina.kg/tachka/images//a/b/9/ab9d05be11bd5ab1b287bd2608c14741_240x180.jpg,"

2021г.,1.6л.,робот



внедорожник5дв.,гибрид

рульслева,1400км
"
Volkswagen ID.4,"

$
28900



$
28500

",https://im.mashina.kg/tachka/images//5/1/e/51eb1911b862f1ba3ee1975fcc1efeb0_240x180.jpg,"

2023г.,автомат



внедорожник5дв.,электро

рульслева,25км
"
Denza D9,"

$
61000



$
59000

",https://im.mashina.kg/tachka/images//2/8/c/28cc7b31d1ef375008dc7b9b0012ab75_240x180.jpg,"

2023г.,1.5л.,автомат



минивэн,гибрид

рульслева,23км
"
LiXiang L7,"
$60500

5406280сом
",https://im.mashina.kg/tachka/images//0/1/5/015e1e7d28763baa6bb56bff04629bbb_240x180.jpg,"

2023г.,1.5л.,автомат



внедорожник5дв.,гибрид

рульслева,12км
"
Lexus NX,"
$25000

2234000сом
",https://im.mashina.kg/tachka/images//0/c/4/0c495cb42005cebd318f72c200aeff4e_240x180.jpg,"

2017г.,2л.,автомат



внедорожник5дв.,бензин

рульслева,55000км
"
Geely Galaxy L7,"
$27500

2457400сом
",https://im.mashina.kg/tachka/images//5/f/d/5fd3138171ffc0b1cf40e420eb088bb4_240x180.jpg,"

2023г.,1.5л.,автомат



внедорожник5дв.,гибрид

рульслева,35км
"
BYD Tang,"

$
42000



$
40500

",https://im.mashina.kg/tachka/images//b/0/6/b0601930053821450a3249eff1e9ca0a_240x180.jpg,"

2023г.,1.5л.,автомат



внедорожник5дв.,гибрид

рульслева,23км
"
Toyota Camry,"
$17200

1536992сом
",https://im.mashina.kg/tachka/images//0/2/9/02927610a15d544a54ef0754f7e81119_240x180.jpg,"

2020г.,2.5л.,автомат



седан,бензин

рульслева,103000км
"
LiXiang L7,"
$60800

5433088сом
",https://im.mashina.kg/tachka/images//d/f/6/df6401ed663033d017b72ede190c69a6_240x180.jpg,"

2023г.,1.5л.,автомат



внедорожник5дв.,гибрид

рульслева,10км
"
Toyota RAV4,"
$15000

1340400сом
",https://im.mashina.kg/tachka/images//f/e/6/fe68292222fbda9149ec40fac833f702_240x180.jpg,"

2011г.,2л.,автомат



внедорожник5дв.,бензин

рульслева,160000км
"
LiXiang L9,"
$67300

6013928сом
",https://im.mashina.kg/tachka/images//3/5/1/35141053ef64776fd22783dac2eeb205_240x180.jpg,"

2023г.,1.5л.,автомат



внедорожник5дв.,гибрид

рульслева,25км
"
Toyota Camry,"
$16500

1474440сом
",https://im.mashina.kg/tachka/images//8/4/0/840b178bb2cd13b2d74aeb027b8a64c8_240x180.jpg,"

2017г.,2.5л.,автомат



седан,бензин

рульслева,120000км
"
BMW X5,"
$80000

7148800сом
",https://im.mashina.kg/tachka/images//a/1/b/a1b752a345829a2fad50d149a4cfa90a_240x180.jpg,"

2019г.,3л.,автомат



внедорожник5дв.,бензин

рульслева,51000км
"
Nissan Primera,"
$3917

350000сом
",https://im.mashina.kg/tachka/images//b/b/e/bbe21173c87dd50221145f65859d5da2_240x180.jpg,"

2002г.,1.8л.,механика



хэтчбек5дв.,бензин

рульслева,270000км
"
LiXiang L9,"
$61200

5468832сом
",https://im.mashina.kg/tachka/images//a/c/6/ac61344f16ebe10ffc6417c214b33718_240x180.jpg,"

2023г.,1.5л.,автомат



внедорожник5дв.,гибрид

рульслева,20км
"
BYD Tang,"

$
44000



$
42900

",https://im.mashina.kg/tachka/images//2/4/1/241b5d9a3f21fb0ad8d66fb3c82cbd81_240x180.jpg,"

2023г.,1.5л.,автомат



внедорожник5дв.,гибрид

рульслева,25км
"
EXEED RX,"
$32500

2904200сом
",https://im.mashina.kg/tachka/images//9/1/f/91f17bc213a978ba2973a39bbbeb03b3_240x180.jpg,"

2023г.,2л.,автомат



внедорожник5дв.,бензин

рульслева,17км
"
Chevrolet Monza,"
$14600

1304656сом
",https://im.mashina.kg/tachka/images//1/1/7/117f10df8f4ff94a5c1eb85942e2fd42_240x180.jpg,"

2023г.,1.5л.,робот



седан,бензин

рульслева,20км
"
Subaru Forester,"
$21000

1876560сом
",https://im.mashina.kg/tachka/images//7/f/9/7f956f918f74c3a6e237f4d5d10f2657_240x180.jpg,"

2019г.,2.5л.,вариатор



внедорожник5дв.,бензин

рульслева,48000км
"
Zeekr 001,"
$57500

5138200сом
",https://im.mashina.kg/tachka/images//b/3/9/b39b10ca28dafddc70a7935ad196760c_240x180.jpg,"

2023г.,автомат



лифтбек,электро

рульслева,24км
"
Daewoo Matiz,"
$3133

280000сом
",https://im.mashina.kg/tachka/images//4/3/8/4386f45fc553391ff83355abdb6b7cff_240x180.jpg,"

2004г.,0.8л.,автомат



хэтчбек5дв.,бензин

рульслева,194000км
"
Toyota Yaris,"
$5819

520000сом
",https://im.mashina.kg/tachka/images//e/b/c/ebc94bf16c3988fc84d22866f300a58b_240x180.jpg,"

2008г.,1л.,механика



хэтчбек5дв.,бензин

рульслева,220000км
"
Hyundai Mufasa,"
$26100

2332296сом
",https://im.mashina.kg/tachka/images//5/7/7/577be4e3fc8582b69a974b250edfba48_240x180.jpg,"

2023г.,2л.,автомат



внедорожник5дв.,бензин

рульслева,25км
"
Zeekr 001,"

$
65600



$
52900

",https://im.mashina.kg/tachka/images//d/7/1/d71cfa3cfda889cbb23cfa548b366f59_240x180.jpg,"

2023г.,автомат



лифтбек,электро

рульслева,36км
"
Hyundai Elantra,"
$17500

1563800сом
",https://im.mashina.kg/tachka/images//0/e/6/0e69144a565297d0103347673eb88db5_240x180.jpg,"

2023г.,1.5л.,вариатор



седан,бензин

рульслева,10км
"
Toyota Camry,"
$31000

2770160сом
",https://im.mashina.kg/tachka/images//3/6/5/365367bdcf4ea1ee45f3f436bfcf6a75_240x180.jpg,"

2023г.,2.5л.,автомат



седан,бензин

рульслева,15км
"
Lexus RX,"
$16800

1501248сом
",https://im.mashina.kg/tachka/images//5/4/5/545b81694ed10669bc7c33829e4002c8_240x180.jpg,"

2007г.,3.5л.,автомат



внедорожник5дв.,бензин

рульслева,190000км
"
Lexus GX,"
$43500

3887160сом
",https://im.mashina.kg/tachka/images//8/1/2/8124951a02ede989d99ea1e72c1f9dd6_240x180.jpg,"

2015г.,4.6л.,автомат



внедорожник5дв.,бензин

рульслева,308993км
"
Lexus RX,"
$50500

4512680сом
",https://im.mashina.kg/tachka/images//3/8/f/38fab8298e0a48e0475f437e61617613_240x180.jpg,"

2021г.,3.5л.,автомат



внедорожник5дв.,бензин

рульслева,15500км
"
BMW X5,"
$36000

3216960сом
",https://im.mashina.kg/tachka/images//1/c/5/1c5da657a155981aa618269cb5021aab_240x180.jpg,"

2018г.,3л.,автомат



внедорожник5дв.,бензин

рульслева,88000км
"
Toyota Ist,"
$7500

670200сом
",https://im.mashina.kg/tachka/images//6/7/8/67879d38ea57d817c482ea2bbec4123a_240x180.jpg,"

2003г.,1.5л.,автомат



хэтчбек5дв.,бензин

рульсправа,210000км
"
Toyota Camry,"
$11500

1027640сом
",https://im.mashina.kg/tachka/images//d/d/e/ddeee12d7ec54eb1571f6e7b93fa1d3b_240x180.jpg,"

2005г.,2.4л.,автомат



седан,бензин

рульслева,143038км
"
LiXiang L9,"
$61900

5531384сом
",https://im.mashina.kg/tachka/images//b/7/d/b7dd73d81cac48d042a983062836c10d_240x180.jpg,"

2023г.,1.5л.,автомат



внедорожник5дв.,гибрид

рульслева,35км
"
Zeekr X,"

$
29880



$
29400

",https://im.mashina.kg/tachka/images//7/a/f/7af21f696d20f79a6c3daf08a34be177_240x180.jpg,"

2023г.,автомат



внедорожник5дв.,электро

рульслева,29км
"
GAC Trumpchi M8,"
$46000

4110560сом
",https://im.mashina.kg/tachka/images//e/0/1/e016f87c0a17d7442debda401de82c5f_240x180.jpg,"

2023г.,2л.,автомат



минивэн,бензин

рульслева,10км
"
Nissan Mistral,"
$4000

357440сом
",https://im.mashina.kg/tachka/images//2/2/b/22b5916435e8980d6a5ca8772b09d63e_240x180.jpg,"

1996г.,2.7л.,автомат



внедорожник5дв.,дизель

рульсправа,280000км
"
Kia Morning,"
$11500

1027640сом
",https://im.mashina.kg/tachka/images//0/c/e/0ceb9b8fd50ecf6ff383cc575a9d2f0e_240x180.jpg,"

2020г.,1л.,автомат



хэтчбек5дв.,бензин

рульслева,96000км
"
Hyundai Solaris,"
$6826

610000сом
",https://im.mashina.kg/tachka/images//b/0/c/b0c691b5835c1b5446f6269cf8273572_240x180.jpg,"

2015г.,1.4л.,механика



седан,бензин

рульслева,400000км
"
Geely Coolray,"
$18000

1608480сом
",https://im.mashina.kg/tachka/images//2/a/a/2aaf61461769ff82207d947c0eea32ee_240x180.jpg,"

2023г.,1.5л.,робот



внедорожник5дв.,бензин

рульслева,30км
"
EXEED RX,"

$
35860



$
29500

",https://im.mashina.kg/tachka/images//c/0/9/c09b111cba71c2b1963512b8e86df04b_240x180.jpg,"

2023г.,2л.,робот



внедорожник5дв.,бензин

рульслева,25км
"
Honda Accord,"
$7300

652328сом
",https://im.mashina.kg/tachka/images//2/7/6/2767d0f1e5aaa7acba7b170d4bcdb551_240x180.jpg,"

2002г.,2л.,автомат



седан,бензин

рульсправа,150000км
"
Geely Atlas Pro,"
$26200

2341232сом
",https://im.mashina.kg/tachka/images//3/a/d/3ad258f278ab40d654c32725401940ed_240x180.jpg,"

2023г.,1.5л.,автомат



внедорожник5дв.,бензин

рульслева,12км
"
Tank 300,"

$
36100



$
34300

",https://im.mashina.kg/tachka/images//c/6/b/c6bd5fbcb7d38c69bfc8a8851da945e4_240x180.jpg,"

2023г.,2л.,автомат



внедорожник5дв.,бензин

рульслева,26км
"
Tank 300,"

$
40000



$
35000

",https://im.mashina.kg/tachka/images//9/b/4/9b4198683a5e19a6dffc6de2f85f31cb_240x180.jpg,"

2023г.,2л.,автомат



внедорожник5дв.,бензин

рульслева,23км
"
Honda Fit,"
$4812

430000сом
",https://im.mashina.kg/tachka/images//9/e/0/9e0eadf64c9faa8f8fdd945219959752_240x180.jpg,"

2002г.,1.3л.,вариатор



хэтчбек5дв.,бензин

рульсправа,20000км
"
Geely Atlas Pro,"
$26500

2368040сом
",https://im.mashina.kg/tachka/images//7/4/9/7491ebac451747129762ffea40b2ce7d_240x180.jpg,"

2023г.,1.5л.,автомат



внедорожник5дв.,бензин

рульслева,15км
"
Kia Ceed,"
$10800

965088сом
",https://im.mashina.kg/tachka/images//1/1/3/11305ffaea9b25fa7250a1546f795818_240x180.jpg,"

2018г.,1.6л.,автомат



универсал,бензин

рульслева,56000км
"
Hyundai Sonata,"
$14000

1251040сом
",https://im.mashina.kg/tachka/images//8/d/9/8d9cf06c282e81105a0968fd526f7881_240x180.jpg,"

2017г.,2.4л.,автомат



седан,бензин

рульслева,74500км
"
BYD e2,"

$
18000



$
17450

",https://im.mashina.kg/tachka/images//4/7/6/4762685769f130d4ceac9f131381b95f_240x180.jpg,"

2023г.,автомат



хэтчбек5дв.,электро

рульслева,30км
"
Geely Binyue,"

$
16000



$
14500

",https://im.mashina.kg/tachka/images//9/9/0/99002d5b18db82f02f2bcddc659275ce_240x180.jpg,"

2023г.,1.5л.,робот



внедорожник5дв.,бензин

рульслева,27км
"
Geely Coolray,"
$18700

1671032сом
",https://im.mashina.kg/tachka/images//b/9/2/b92874a203a89a0fd8cd59a9c6877d7e_240x180.jpg,"

2023г.,1.5л.,робот



внедорожник5дв.,бензин

рульслева,10км
"
Aito M5,"
$38000

3395680сом
",https://im.mashina.kg/tachka/images//6/d/e/6deb6b58feb45313381a92402d25a5c1_240x180.jpg,"

2022г.,1.5л.,автомат



внедорожник5дв.,гибрид

рульслева,25000км
"
Geely Binyue,"

$
16400



$
14700

",https://im.mashina.kg/tachka/images//c/b/c/cbccfcd120b1a4eb452ecddd16106508_240x180.jpg,"

2023г.,1.5л.,робот



внедорожник5дв.,бензин

рульслева,25км
"
Toyota Camry,"

$
29500



$
28000

",https://im.mashina.kg/tachka/images//e/7/c/e7c6b1270a9bfa72e87bd1a76bcb32b9_240x180.jpg,"

2023г.,2.5л.,автомат



седан,бензин

рульслева,25км
"
Geely Coolray,"
$18700

1671032сом
",https://im.mashina.kg/tachka/images//d/5/a/d5abdfef37e60a625aba2a88bdca2cbf_240x180.jpg,"

2023г.,1.5л.,робот



внедорожник5дв.,бензин

рульслева,15км
"
Geely Monjaro,"

$
45600



$
27500

",https://im.mashina.kg/tachka/images//8/2/f/82fa7a65feb352f6e5f1dab0f8a2eb28_240x180.jpg,"

2023г.,2л.,робот



внедорожник5дв.,бензин

рульслева,50км
"
LiXiang L7,"

$
53500



$
52000

",https://im.mashina.kg/tachka/images//a/e/5/ae52aafe79012d57cd2d7347a8aa08ee_240x180.jpg,"

2023г.,1.5л.,автомат



внедорожник5дв.,гибрид

рульслева,23км
"
EXEED VX,"
$41300

3690568сом
",https://im.mashina.kg/tachka/images//5/c/6/5c650390eaf4ba3d41cfba09d3b4cb0d_240x180.jpg,"

2023г.,2л.,автомат



внедорожник5дв.,бензин

рульслева,18км
"
Chevrolet Spark,"
$8500

759560сом
",https://im.mashina.kg/tachka/images//7/6/2/7626b1a8a687fe475f4ae3045646aaa2_240x180.jpg,"

2016г.,1л.,вариатор



хэтчбек5дв.,бензин

рульслева,132000км
"
EXEED Yaoguang,"

$
29000



$
28200

",https://im.mashina.kg/tachka/images//2/d/9/2d9b1c208595433df5801ad00e691eeb_240x180.jpg,"

2023г.,2л.,робот



внедорожник5дв.,бензин

рульслева,25км
"
EXEED RX,"

$
45600



$
27500

",https://im.mashina.kg/tachka/images//f/f/e/ffe2d07c10000eeb6cb5f1364e4868bd_240x180.jpg,"

2023г.,2л.,робот



внедорожник5дв.,бензин

рульслева,35км
"
Voyah Free,"
$47500

4244600сом
",https://im.mashina.kg/tachka/images//d/6/1/d61d758e301f37d8805445b608281da6_240x180.jpg,"

2023г.,1.5л.,автомат



внедорожник5дв.,гибрид

рульслева,7км
"
Toyota Camry,"
$24999

2233911сом
",https://im.mashina.kg/tachka/images//4/1/a/41a93756e559101ff7cbcdaab4b6675d_240x180.jpg,"

2020г.,2.5л.,автомат



седан,бензин

рульслева,24000км
"
BMW X5,"
$41900

3744184сом
",https://im.mashina.kg/tachka/images//2/d/3/2d32868d4425a47cae21c3a905a3d762_240x180.jpg,"

2018г.,3л.,автомат



внедорожник5дв.,дизель

рульслева,155000км
"
Kia Morning,"
$8999

804151сом
",https://im.mashina.kg/tachka/images//6/f/7/6f7685fe8e12abe1db4632da9448df14_240x180.jpg,"

2017г.,1л.,автомат



хэтчбек5дв.,бензин

рульслева,44000км
"
Zeekr 001,"
$52800

4718208сом
",https://im.mashina.kg/tachka/images//7/e/9/7e9074a13e05c63ab7324bf2c132071b_240x180.jpg,"

2023г.,автомат



лифтбек,электро

рульслева,23км
"
Voyah Dream,"

$
63000



$
55100

",https://im.mashina.kg/tachka/images//3/3/4/3343c6c31321ff5a401f660670f438e3_240x180.jpg,"

2023г.,1.5л.,автомат



минивэн,гибрид

рульслева,23км
"
Geely Monjaro,"
$31800

2841648сом
",https://im.mashina.kg/tachka/images//7/4/7/7475f0b2d1eb5a3a7ced3da9694b174a_240x180.jpg,"

2023г.,2л.,автомат



внедорожник5дв.,бензин

рульслева,10км
"
Kia Morning,"
$8999

804151сом
",https://im.mashina.kg/tachka/images//7/2/f/72f2c4fd703d0fa61240f2d68e9d2878_240x180.jpg,"

2017г.,1л.,автомат



хэтчбек5дв.,бензин

рульслева,44000км
"
Daewoo Damas,"
$2350

210000сом
",https://im.mashina.kg/tachka/images//3/c/1/3c10373a85da604f4f3717d3c400805c_240x180.jpg,"

1998г.,0.8л.,механика



микровэн,бензин

рульслева
"
Lexus NX,"
$26500

2368040сом
",https://im.mashina.kg/tachka/images//4/a/2/4a23669008439d74d99665113a6cdb08_240x180.jpg,"

2016г.,2л.,автомат



внедорожник5дв.,бензин

рульслева,97000км
"
Lotus Eletre,"

$
78050



$
74000

",https://im.mashina.kg/tachka/images//7/b/d/7bd3b5c785d8c5a4c4e9dad921d03cdd_240x180.jpg,"

2023г.,автомат



внедорожник5дв.,электро

рульслева,25км
"
Voyah Dream,"

$
60000



$
54000

",https://im.mashina.kg/tachka/images//2/8/8/2882c35a76913f70e4c77835d44695ec_240x180.jpg,"

2023г.,1.5л.,автомат



минивэн,гибрид

рульслева,25км
"
Geely Atlas Pro,"
$23300

2082088сом
",https://im.mashina.kg/tachka/images//0/9/c/09c548cc7197f2e99e849e92871482aa_240x180.jpg,"

2023г.,1.5л.,автомат



внедорожник5дв.,бензин

рульслева,13км
"
Kia K5 II Седан,"
$14900

1331464сом
",https://im.mashina.kg/tachka/images//0/5/9/059b7f1a2d15cf9ed320a01a376da04f_240x180.jpg,"

2018г.,2л.,автомат



седан,газ

рульслева,121000км
"
Honda Stepwgn,"
$7100

634456сом
",https://im.mashina.kg/tachka/images//8/6/e/86e9e1935152325db4225a7dd8cb90b9_240x180.jpg,"

2000г.,2л.,автомат



минивэн,бензин

рульсправа,152000км
"
HiPhi X,"

$
78050



$
76100

",https://im.mashina.kg/tachka/images//7/4/d/74dece346361901650f79bcc2750025c_240x180.jpg,"

2023г.,автомат



внедорожник5дв.,электро

рульслева,23км
"
Voyah Dream,"

$
63000



$
56000

",https://im.mashina.kg/tachka/images//6/e/9/6e9ba0d23ff86b378f4dba128223a401_240x180.jpg,"

2023г.,1.5л.,автомат



минивэн,гибрид

рульслева,30км
"
Toyota Land Cruiser,"
$105000

9382800сом
",https://im.mashina.kg/tachka/images//c/f/5/cf59ed47ed6df1b5cd89a6e540d00b15_240x180.jpg,"

2023г.,3.4л.,автомат



внедорожник5дв.,бензин

рульслева,150км
"
Daewoo Lanos (Sens),"
$2462

220000сом
",/bundles/client/default/img/no-preview.jpg,"

1999г.,1.5л.,механика



седан,бензин

рульслева,330557км
"
LiXiang L7,"

$
65600



$
51500

",https://im.mashina.kg/tachka/images//2/3/4/2344a5eeeda6e5bfd95d05ee0a34fcb7_240x180.jpg,"

2023г.,1.5л.,автомат



внедорожник5дв.,гибрид

рульслева,35км
"
Zeekr 001,"
$64500

5763720сом
",https://im.mashina.kg/tachka/images//0/5/b/05b8258df9f4d6329c9d51d589aa3be6_240x180.jpg,"

2023г.,автомат



лифтбек,электро

рульслева,12км
"
Audi A7,"
$25800

2305488сом
",https://im.mashina.kg/tachka/images//b/9/6/b9676b69bd9c5c9a846091f11f980570_240x180.jpg,"

2011г.,3л.,робот



лифтбек,бензин

рульслева,160000км
"
Toyota Land Cruiser,"
$18000

1608480сом
",https://im.mashina.kg/tachka/images//4/1/6/416296ca27d83ad4729e6c21220ad892_240x180.jpg,"

2003г.,4.7л.,автомат



внедорожник5дв.,бензин

рульслева,193470км
"
Daewoo Nexia,"
$2238

200000сом
",https://im.mashina.kg/tachka/images//d/c/9/dc96bb9d2d1e9b6281e5bed7d016eec5_240x180.jpg,"

2005г.,1.6л.,механика



седан,бензин

рульслева,104000км
"
Zeekr 001,"
$52600

4700336сом
",https://im.mashina.kg/tachka/images//2/6/7/2672252af55e76d40c105df59c67d802_240x180.jpg,"

2023г.,автомат



лифтбек,электро

рульслева,25км
"
LiXiang L9,"

$
66600



$
62000

",https://im.mashina.kg/tachka/images//0/e/e/0ee83cc5092455de965d93396d57d795_240x180.jpg,"

2023г.,1.5л.,автомат



внедорожник5дв.,гибрид

рульслева,29км
"
Zeekr 001,"
$64500

5763720сом
",https://im.mashina.kg/tachka/images//1/6/1/161b4838bb1a70f9eb0b409095bf5316_240x180.jpg,"

2023г.,автомат



лифтбек,электро

рульслева,13км
"
Toyota Highlander,"
$22500

2010600сом
",https://im.mashina.kg/tachka/images//a/0/b/a0b9626ae1eaabbaf8c8372018ef0dc0_240x180.jpg,"

2011г.,3.5л.,автомат



внедорожник5дв.,бензин

рульслева,180000км
"
ВАЗ (Lada) 2107,"
$3469

310000сом
",https://im.mashina.kg/tachka/images//4/1/7/4175675c6af312f77d0e60557dc35edd_240x180.jpg,"

2011г.,1.6л.,механика



седан,бензин

рульслева,44444км
"
Mercedes-Benz E-класс,"
$7833

700000сом
",https://im.mashina.kg/tachka/images//f/d/c/fdca4968c6d84f1c7e140648465b2033_240x180.jpg,"

2002г.,2.7л.,автомат



седан,дизель

рульслева,300000км
"
Toyota Highlander,"
$22000

1965920сом
",https://im.mashina.kg/tachka/images//2/0/a/20ae7e18f1b2ec99a5ec4427676261c8_240x180.jpg,"

2011г.,3.5л.,автомат



внедорожник5дв.,бензин

рульслева,200000км
"
BMW 5 серии,"
$12500

1117000сом
",https://im.mashina.kg/tachka/images//a/6/1/a61b2cffe109447ef531d7a66959dc2e_240x180.jpg,"

2009г.,3л.,автомат



седан,бензин

рульслева,206000км
"
LiXiang L9,"

$
66600



$
62000

",https://im.mashina.kg/tachka/images//8/7/d/87d4574ba946574a848bf87aed80cd4d_240x180.jpg,"

2023г.,1.5л.,автомат



внедорожник5дв.,гибрид

рульслева,20км
"
Voyah Free,"
$36500

3261640сом
",https://im.mashina.kg/tachka/images//7/5/d/75d8a6e47cbda075092dc99678a23dea_240x180.jpg,"

2023г.,1.5л.,автомат



внедорожник5дв.,гибрид

рульслева,23км
"
Lexus LX,"
$33000

2948880сом
",https://im.mashina.kg/tachka/images//a/6/f/a6f01afa6a74028812db997aeba16da8_240x180.jpg,"

2008г.,5.7л.,автомат



внедорожник5дв.,бензин

рульслева,220000км
"
Toyota Crown Majesta,"
$8999

804151сом
",https://im.mashina.kg/tachka/images//b/d/9/bd9ad591f759f187bf5f2a0f687c84ec_240x180.jpg,"

2004г.,4.3л.,автомат



седан,бензин

рульсправа,231000км
"
BMW X5,"
$36900

3297384сом
",https://im.mashina.kg/tachka/images//1/2/d/12d29371832f5e972c32146945f76106_240x180.jpg,"

2017г.,3л.,автомат



внедорожник5дв.,дизель

рульслева,150000км
"
LiXiang L7,"
$52100

4655656сом
",https://im.mashina.kg/tachka/images//8/c/4/8c4a9e1e29c7c3a234ae00f1cb9f1a00_240x180.jpg,"

2023г.,1.5л.,автомат



внедорожник5дв.,гибрид

рульслева,25км
"
LiXiang L9,"

$
66600



$
62000

",https://im.mashina.kg/tachka/images//0/e/1/0e125390feffb34a0caaa6a3397f7e55_240x180.jpg,"

2023г.,1.5л.,автомат



внедорожник5дв.,гибрид

рульслева,20км
"
Kia K5 III Седан,"
$22500

2010600сом
",https://im.mashina.kg/tachka/images//0/d/0/0d043501e1b5caaebdc34943bbf5123e_240x180.jpg,"

2020г.,2л.,автомат



седан,бензин

рульслева,46000км
"
Geely Coolray,"
$18500

1653160сом
",https://im.mashina.kg/tachka/images//8/a/e/8ae0065ebc3e46d6b0a874f1552825f9_240x180.jpg,"

2023г.,1.5л.,робот



внедорожник5дв.,бензин

рульслева
"
Subaru Crosstrek,"
$13500

1206360сом
",https://im.mashina.kg/tachka/images//a/e/6/ae64fc53b2b5ab7f7a9678ed4881e067_240x180.jpg,"

2017г.,2л.,вариатор



внедорожник5дв.,бензин

рульслева,41000км
"
Geely Monjaro,"

$
28000



$
26500

",https://im.mashina.kg/tachka/images//a/8/2/a82493791a9ac5f5d2e49ac18f47b8ab_240x180.jpg,"

2023г.,2л.,автомат



внедорожник5дв.,бензин

рульслева,20км
"
Geely Monjaro,"

$
45600



$
27500

",https://im.mashina.kg/tachka/images//d/9/7/d97bd768f680de9c08b4ddf2fb9c5ed5_240x180.jpg,"

2023г.,2л.,автомат



внедорожник5дв.,бензин

рульслева,25км
"
Toyota Highlander,"
$42000

3753120сом
",https://im.mashina.kg/tachka/images//4/6/3/46355b90150f1c96d5ec5c12038a3a71_240x180.jpg,"

2019г.,3.5л.,автомат



внедорожник5дв.,бензин

рульслева,37000км
"
LiXiang L7,"
$59500

5316920сом
",https://im.mashina.kg/tachka/images//8/3/6/8364c3c3415018a92481ef95b1ef7f44_240x180.jpg,"

2023г.,1.5л.,автомат



внедорожник5дв.,гибрид

рульслева,1км
"
Kia Morning,"
$9500

848920сом
",https://im.mashina.kg/tachka/images//4/3/b/43b51be09f9801a8369521e2c7e8b902_240x180.jpg,"

2018г.,1л.,автомат



хэтчбек5дв.,бензин/газ

рульслева,36000км
"
Haval Dargo,"

$
28000



$
25590

",https://im.mashina.kg/tachka/images//4/b/f/4bfe8d85bb63b9d2c82e6ad1a212a622_240x180.jpg,"

2023г.,2л.,робот



внедорожник5дв.,бензин

рульслева,20км
"
Geely Monjaro,"

$
33500



$
25800

",https://im.mashina.kg/tachka/images//5/c/e/5cee7e738341ad722b292f96d33422b1_240x180.jpg,"

2023г.,2л.,автомат



внедорожник5дв.,бензин

рульслева,37км
"
Toyota Land Cruiser Prado,"
$22000

1965920сом
",https://im.mashina.kg/tachka/images//e/5/6/e56f578d60863329941e1ae922f95f57_240x180.jpg,"

2005г.,4л.,автомат



внедорожник5дв.,бензин

рульслева,240000км
"
Geely Okavango,"
$26500

2368040сом
",https://im.mashina.kg/tachka/images//b/9/3/b93443b3bf74d215ae62e1a74926bc8a_240x180.jpg,"

2023г.,2л.,робот



внедорожник5дв.,бензин

рульслева
"
Toyota Highlander,"
$64500

5763720сом
",https://im.mashina.kg/tachka/images//d/9/9/d99fe6fa665b3cb9e2bf454ebe37a2fd_240x180.jpg,"

2023г.,2.5л.,автомат



внедорожник5дв.,гибрид

рульслева
"
Haval Dargo,"
$25590

2286722сом
",https://im.mashina.kg/tachka/images//6/0/2/60267d23a274ab3fbd9eee143dfc2f4f_240x180.jpg,"

2023г.,2л.,робот



внедорожник5дв.,бензин

рульслева,20км
"
Changan Shenlan S7,"

$
29000



$
27500

",https://im.mashina.kg/tachka/images//2/d/9/2d9ffc6e9e5de74ceebe459dabebb6f8_240x180.jpg,"

2023г.,1.5л.,автомат



внедорожник5дв.,гибрид

рульслева,25км
"
BMW X5,"
$37000

3306320сом
",https://im.mashina.kg/tachka/images//3/f/7/3f7805eb7149b9a11a16546c58aa1ce0_240x180.jpg,"

2014г.,4.4л.,автомат



внедорожник5дв.,бензин

рульслева,120000км
"
EXEED RX,"
$32000

2859520сом
",https://im.mashina.kg/tachka/images//f/e/a/fea55ac7666c11dde010b7b430963f12_240x180.jpg,"

2023г.,2л.,автомат



внедорожник5дв.,бензин

рульслева
"
Subaru Forester,"
$17000

1519120сом
",https://im.mashina.kg/tachka/images//a/8/f/a8f3165a586dc3c7a4708d61869b31af_240x180.jpg,"

2017г.,2.5л.,вариатор



внедорожник5дв.,бензин

рульслева,62000км
"
Jetour Traveller,"
$31500

2814840сом
",https://im.mashina.kg/tachka/images//6/b/8/6b8de1125587571febd72687691aa8c4_240x180.jpg,"

2023г.,2л.,автомат



внедорожник5дв.,бензин

рульслева,1000км
"
EXEED VX,"
$45000

4021200сом
",https://im.mashina.kg/tachka/images//2/1/d/21da90f080c88fe7e6bf68f07bb1bc09_240x180.jpg,"

2023г.,2л.,автомат



внедорожник5дв.,бензин

рульслева
"
EXEED RX,"
$31500

2814840сом
",https://im.mashina.kg/tachka/images//3/9/5/3951a3bc50e5f0a1acfea7b854d59cee_240x180.jpg,"

2023г.,2л.,робот



внедорожник5дв.,бензин

рульслева
"
Geely Atlas,"
$26000

2323360сом
",https://im.mashina.kg/tachka/images//f/5/7/f57fac17d514c22c67a6411ef5ff4d35_240x180.jpg,"

2023г.,2.4л.,автомат



внедорожник5дв.,бензин

рульслева,1км
"
Toyota RAV4,"
$22500

2010600сом
",https://im.mashina.kg/tachka/images//8/c/2/8c2fe3b75989dd2de7e839b5a1f26304_240x180.jpg,"

2016г.,2.5л.,автомат



внедорожник5дв.,бензин

рульслева,45000км
"
GAC GS8,"
$34400

3073984сом
",https://im.mashina.kg/tachka/images//2/1/3/213d177a2ec563c80968d004eee0b0cd_240x180.jpg,"

2023г.,2л.,автомат



внедорожник5дв.,бензин

рульслева
"
Lexus RX,"
$19500

1742520сом
",https://im.mashina.kg/tachka/images//f/9/1/f9116c1815ad34f48dde0ad2069608c9_240x180.jpg,"

2009г.,3.5л.,автомат



внедорожник5дв.,бензин

рульслева,148000км
"
Chevrolet Monza,"

$
11000



$
10600

",https://im.mashina.kg/tachka/images//0/b/8/0b82574534c1bee71fc1e3c52395a736_240x180.jpg,"

2023г.,1.3л.,автомат



седан,бензин

рульслева,29км
"
Changan Shenlan S7,"

$
45600



$
27500

",https://im.mashina.kg/tachka/images//8/d/7/8d78f5edf8e07ca18198312ee258b4a7_240x180.jpg,"

2023г.,автомат



внедорожник5дв.,электро

рульслева,28км
"
Toyota Crown Majesta,"
$12000

1072320сом
",https://im.mashina.kg/tachka/images//d/1/7/d1787252d8601f3143af447232e97449_240x180.jpg,"

2006г.,4.3л.,автомат



седан,бензин

рульсправа,169000км
"
Haval H5,"
$28000

2502080сом
",https://im.mashina.kg/tachka/images//1/2/b/12b25c18cc2d16c87e0a0c082d010bdc_240x180.jpg,"

2023г.,2л.,автомат



внедорожник5дв.,бензин

рульслева
"
LiXiang L7,"
$52200

4664592сом
",https://im.mashina.kg/tachka/images//7/9/0/790b01d03234a7a14c0839dba87db0a9_240x180.jpg,"

2023г.,1.5л.,автомат



внедорожник5дв.,гибрид

рульслева,25км
"
Voyah Free,"

$
38500



$
36500

",https://im.mashina.kg/tachka/images//4/1/1/41180cf5f6152a8a39b005687008dda3_240x180.jpg,"

2023г.,1.5л.,автомат



внедорожник5дв.,гибрид

рульслева,29км
"
Honda Jazz,"
$9500

848920сом
",https://im.mashina.kg/tachka/images//0/6/f/06f01f3cbbc257c509e1b50001b076b3_240x180.jpg,"

2007г.,1.3л.,вариатор



хэтчбек5дв.,бензин

рульслева,1855км
"
Toyota Camry,"
$19800

1769328сом
",https://im.mashina.kg/tachka/images//9/f/f/9ffc8cee2b44ef8193fda46d24be2994_240x180.jpg,"

2018г.,2.5л.,вариатор



седан,гибрид

рульслева,130000км
"
Honda Accord,"
$12800

1143808сом
",https://im.mashina.kg/tachka/images//9/1/6/91670d64b115a179609fc7111d06f6a2_240x180.jpg,"

2006г.,2.4л.,автомат



седан,бензин

рульсправа,1633км
"
Honda Fit,"
$4588

410000сом
",https://im.mashina.kg/tachka/images//f/5/8/f584c306e709e526a326cf06d6fcc49a_240x180.jpg,"

2001г.,1.3л.,вариатор



хэтчбек5дв.,бензин

рульсправа,250314км
"
Hyundai Sonata,"
$11500

1027640сом
",https://im.mashina.kg/tachka/images//d/9/e/d9e96dc5e76ac57651430ea183617246_240x180.jpg,"

2016г.,2л.,автомат



седан,газ

рульслева,240000км
"
Zeekr 001,"
$52700

4709272сом
",https://im.mashina.kg/tachka/images//9/6/d/96da21af6c42eb0ca9c6284918cd6ac2_240x180.jpg,"

2023г.,автомат



лифтбек,электро

рульслева,25км
"
Honda Acty,"
$4252

380000сом
",https://im.mashina.kg/tachka/images//4/5/d/45d709f2c4603922d9dbc7643be02bff_240x180.jpg,"

1999г.,0.7л.,механика



микровэн,бензин

рульсправа,62000км
"
Voyah Free,"

$
38500



$
36500

",https://im.mashina.kg/tachka/images//c/9/c/c9c65df0a536d14822268a92e7fa1514_240x180.jpg,"

2023г.,1.5л.,автомат



внедорожник5дв.,гибрид

рульслева,29км
"
Subaru Forester,"
$11800

1054448сом
",https://im.mashina.kg/tachka/images//f/9/8/f98e9260b814bced21f3064d7b83477a_240x180.jpg,"

2006г.,2л.,автомат



универсал,бензин

рульсправа,1122км
"
Ford Escort,"
$1679

150000сом
",https://im.mashina.kg/tachka/images//e/0/7/e0791fc5727bfc395024bd9ac6d2512d_240x180.jpg,"

1998г.,1.3л.,механика



универсал,бензин

рульслева,1589км
"
LiXiang L7,"
$49300

4405448сом
",https://im.mashina.kg/tachka/images//5/5/e/55e11e4d3e07110e7effe0c71306f7aa_240x180.jpg,"

2023г.,1.5л.,автомат



внедорожник5дв.,гибрид

рульслева,23км
"
LiXiang L9,"
$68500

6121160сом
",https://im.mashina.kg/tachka/images//9/e/d/9edff5da6d2d2c7be956b35d967f9c19_240x180.jpg,"

2023г.,1.5л.,автомат



внедорожник5дв.,гибрид

рульслева
"
Zeekr 001,"

$
65600



$
52700

",https://im.mashina.kg/tachka/images//7/5/7/7574bbd0ec02bd3665130d703e5876ba_240x180.jpg,"

2023г.,автомат



лифтбек,электро

рульслева,35км
"
Zeekr X,"

$
33600



$
32100

",https://im.mashina.kg/tachka/images//3/6/d/36d749cc0965719961c14bacff1426da_240x180.jpg,"

2023г.,автомат



внедорожник5дв.,электро

рульслева,25км
"
Toyota Wish,"
$8300

741688сом
",https://im.mashina.kg/tachka/images//a/8/6/a86414dc989b3d8fe4be7bbc7c8a1297_240x180.jpg,"

2003г.,1.8л.,автомат



компактвэн,бензин

рульсправа,230000км
"
Subaru Outback,"
$17900

1599544сом
",https://im.mashina.kg/tachka/images//0/a/b/0abf000bb7ed7debf2d5ee22cf329ef4_240x180.jpg,"

2018г.,2.5л.,вариатор



универсал,бензин

рульслева,115000км
"
Hyundai Avante,"
$7386

660000сом
",https://im.mashina.kg/tachka/images//1/8/7/187e04b97c360797311e0ff1c36e2737_240x180.jpg,"

2008г.,1.6л.,автомат



седан,бензин

рульслева,155000км
"
Kia Morning,"
$10200

911472сом
",https://im.mashina.kg/tachka/images//d/b/7/db76707372e5f13f524d8f391ac21d11_240x180.jpg,"

2020г.,1л.,автомат



хэтчбек5дв.,бензин

рульслева,36000км
"
Daewoo Nexia,"
$1902

170000сом
",https://im.mashina.kg/tachka/images//1/a/9/1a9c17800d4b0839f3fd776196030f25_240x180.jpg,"

2010г.,1.5л.,механика



седан,бензин

рульслева,210000км
"
Kia K7,"
$25500

2278680сом
",https://im.mashina.kg/tachka/images//5/5/9/559ab2e95025230def7192cc73287afa_240x180.jpg,"

2019г.,2.5л.,автомат



седан,бензин

рульслева,104000км
"
Toyota Camry,"
$17500

1563800сом
",https://im.mashina.kg/tachka/images//9/7/2/972ee7f049610a4d04638e857fd4a381_240x180.jpg,"

2016г.,2.5л.,вариатор



седан,гибрид

рульслева,100000км
"
Mercedes-Benz S-класс,"
$10200

911472сом
",https://im.mashina.kg/tachka/images//a/1/b/a1bfbf2b5f3681c9b84c39a01738542e_240x180.jpg,"

2003г.,3.7л.,автомат



седан,бензин

рульслева,210000км
"
Kia K5 II Седан,"
$20900

1867624сом
",https://im.mashina.kg/tachka/images//8/8/7/8870a5c13c2eda21e516869a27e3853f_240x180.jpg,"

2018г.,2л.,автомат



седан,бензин

рульслева,117000км
"
Toyota Crown Majesta,"
$19000

1697840сом
",https://im.mashina.kg/tachka/images//a/0/1/a014608e71690163f22c5b360b4d5b94_240x180.jpg,"

2009г.,4.3л.,автомат



седан,бензин

рульсправа,86000км
"
Toyota Camry (Japan),"
$11500

1027640сом
",https://im.mashina.kg/tachka/images//7/0/6/7064ed74fef8830bfcf4139caee5515c_240x180.jpg,"

2005г.,2.4л.,автомат



седан,бензин

рульсправа,215000км
"
BMW 5 серии,"
$12000

1072320сом
",https://im.mashina.kg/tachka/images//c/e/9/ce9c96022914932604ba1f88aa25fca5_240x180.jpg,"

2004г.,3л.,автомат



седан,бензин

рульслева,154500км
"
Honda Fit,"
$8150

728284сом
",https://im.mashina.kg/tachka/images//f/6/a/f6a943ee7907bc1368083898100482ca_240x180.jpg,"

2008г.,1.3л.,вариатор



хэтчбек5дв.,бензин

рульсправа
"
Toyota Land Cruiser Prado,"
$28000

2502080сом
",https://im.mashina.kg/tachka/images//4/3/1/431ec0021fcda4af58be4ed6b117cf8c_240x180.jpg,"

2008г.,3л.,механика



внедорожник5дв.,дизель

рульслева,167000км
"
Kia K5 II Седан,"
$20900

1867624сом
",https://im.mashina.kg/tachka/images//d/9/9/d9973ebcf9b7c899c57bae9e738e3441_240x180.jpg,"

2018г.,2л.,автомат



седан,бензин

рульслева,117000км
"
Hyundai Santa Fe,"
$8700

777432сом
",https://im.mashina.kg/tachka/images//e/5/7/e571cac54fd1714ac5cfdbbe8f16d431_240x180.jpg,"

2006г.,2.2л.,автомат



внедорожник5дв.,дизель

рульслева,290000км
"
